csf	white_matter	global_signal	std_dvars	dvars	framewise_displacement	t_comp_cor_00	t_comp_cor_01	t_comp_cor_02	t_comp_cor_03	t_comp_cor_04	t_comp_cor_05	a_comp_cor_00	a_comp_cor_01	a_comp_cor_02	a_comp_cor_03	a_comp_cor_04	a_comp_cor_05	cosine00	cosine01	cosine02	trans_x	trans_y	trans_z	rot_x	rot_y	rot_z
3269.583704399944	2914.8566831632843	3827.992994743227	n/a	n/a	n/a	-0.1537785889	-0.0293811489	0.0097442087	-0.0197989358	0.0437464158	-0.1873429285	-0.11210902060000001	0.1103513707	-0.09449500970000001	0.09105170619999998	-0.0463829767	0.0159659857	0.0880434588	0.08803856339999999	0.08803040460000001	0.000241454	0.0753858	0.0753901	0.00107461	-0.0	0.000172987
3222.4604621350963	2910.924393580541	3808.731614417451	1.233212	36.116108	0.045080845999999994	-0.16642760939999998	-0.0359292783	0.047972101100000004	-0.0354895972	-0.08668714460000002	-0.10216077550000001	-0.1191784664	0.125348068	-0.09384305820000001	0.0553918367	-0.1125977957	0.0225701119	0.08803040460000001	0.0879863512	0.08791294529999999	0.004336	0.0666984	0.0833642	0.00114881	-2.1033899999999998e-23	0.000585283
3187.05826244165	2913.0734165366807	3803.3431158233775	0.958733	28.077648	0.05996132500000001	-0.17104816690000002	-0.012890855900000001	0.0728888691	0.0214783827	0.0641437502	-0.13926601519999998	-0.1097540375	0.1116971739	-0.0461467685	0.0178186432	-0.14189468289999999	-0.044664402400000004	0.08800429800000001	0.0878819578	0.08767818349999999	0.017348599999999995	0.0862292	0.0899814	0.00135287	8.19285e-05	0.000715309
3187.9569124600603	2915.959529973105	3814.7547019746635	1.008468	29.534203	0.10665678999999999	-0.1482571336	-0.0025068124	0.0211267714	-0.0589620622	0.06404432019999999	-0.0473787564	-0.1167647651	0.0878771606	-0.0527253607	-0.0170673215	-0.044835402999999996	-0.025529628500000002	0.08796514300000001	0.0877254451	0.0873264324	0.0153224	0.132771	0.108273	0.00186148	-5.49553e-05	0.000865759
3201.003376098769	2921.1399872009497	3827.3954708044735	0.977977	28.641237	0.049560134999999984	-0.1349286092	-0.029690514100000003	-0.0710462026	0.0446109064	0.049888802999999995	-0.1367473415	-0.0918178801	0.0973782881	-0.0712102607	0.0130620274	0.012990013	0.035476383199999996	0.08791294529999999	0.08751690599999999	0.08685816140000001	0.0112599	0.116702	0.103202	0.00216534	-0.000195488	0.0009085190000000002
3202.6816413450847	2921.767529272652	3817.8144803365612	0.944267	27.65398	0.02466485	-0.1357750703	-0.046021918700000004	-0.0864622603	-0.0007527416	0.0037672686	-0.1104286431	-0.0812650879	0.0804242605	-0.0875936023	-0.0194596218	0.0378580782	-0.014945745	0.0878477127	0.087256464	0.08627399529999999	0.0108168	0.110849	0.0968448	0.00209728	-0.000145148	0.00103035
3192.8813190932874	2921.280027698819	3805.820029034105	0.992226	29.058527	0.13818623000000002	-0.1198393986	-0.0296774394	-0.0122549593	0.0131565066	-0.0325733125	-0.0362481836	-0.0925191583	0.08071231599999999	-0.0600071494	0.0074095765	0.0006756717999999999	0.015333066499999999	0.0877694549	0.08694427369999999	0.0855747135	0.0257194	0.0880938	0.150361	0.00233115	1.61866e-05	0.00157539
3191.814266171261	2921.2714750396285	3797.262643446748	0.940182	27.53437	0.12255377199999998	-0.1090271341	-0.0225790506	0.015486944099999999	-0.031140243300000002	0.0215697385	0.0467126212	-0.0972839741	0.07434077730000001	-0.0529466418	-0.0156587612	-0.0051701739	0.0400214299	0.08767818349999999	0.0865805201	0.084761249	0.043719	0.12372	0.176429	0.00266339	-5.06284e-06	0.0020791
3185.1511997980097	2917.3770402701707	3800.777709099857	0.950474	27.835772	0.086079893	-0.10535802699999999	-0.0107509905	0.0172188819	-0.0087230803	0.0033885708000000003	-0.0226577131	-0.0958141011	0.0634934024	-0.024648149900000003	0.0025030526999999998	-0.010640526200000002	-0.0144155705	0.08757391199999999	0.0861654192	0.0838346874	0.0472795	0.174783	0.17117	0.00309296	-8.75007e-05	0.00206716
3195.6273890603065	2917.4864399368544	3810.420050160699	0.983041	28.789522	0.11976851499999992	-0.1147997755	-0.0275851416	-0.0393024529	-0.0108407449	0.0299352885	0.0016084372	-0.0810653609	0.0672161246	-0.039404043300000004	-0.0185805117	-0.022666275899999998	-0.017150443	0.0874566558	0.0856992169	0.0827962648	0.0498969	0.141931	0.12674800000000003	0.00353568	-0.000233783	0.0022757
3205.523064444286	2919.8330665057592	3812.073779632665	0.911872	26.705265	0.052535999999999985	-0.0980936609	-0.0384333307	-0.0886374578	0.0351376563	0.0016959952	-0.0780038362	-0.0817953492	0.06198078059999999	-0.0599275866	0.0098103112	0.023883563700000002	0.0132736402	0.0873264324	0.0851821898	0.081647367	0.0500129	0.117371	0.115729	0.00329494	-0.000179513	0.00231751
3204.375193164497	2919.179345859841	3808.664109971911	0.953295	27.918375	0.13254084	-0.0797475003	-0.0326451271	-0.08088924530000001	0.024131340299999998	0.0112476344	-0.0067092052	-0.08691263789999999	0.072269006	-0.0311082278	-0.0094689372	0.0286130754	0.0191630689	0.08718326109999999	0.08461464449999999	0.0803895268	0.0420057	0.0950513	0.176504	0.00371058	-7.2642e-06	0.00207662
3194.0934691599487	2918.2447261377397	3805.886223700483	0.925964	27.117954	0.14428039999999998	-0.07408260929999999	-0.0167888668	-0.0478272487	0.063059913	0.032453195899999995	0.037148403999999996	-0.0807382793	0.053318587599999995	-0.0219895725	-0.0019233698000000001	-0.0053550874	0.0386430937	0.087027163	0.08399691769999999	0.0790244225	0.0474133	0.176936	0.156381	0.00425449	2.00778e-05	0.00191057
3195.233070654292	2916.572941564407	3803.430836508937	0.948642	27.78211	0.055349240000000015	-0.0720511053	-0.0283965449	-0.0373122582	-0.0146230727	0.019769145800000002	-0.0130982454	-0.0724903002	0.0607087064	-0.0328386649	-0.012164890900000001	0.042781697	-0.0530283599	0.08685816140000001	0.08332937559999999	0.0775538758	0.0368079	0.168285	0.159137	0.00457713	-0.000141639	0.00209295
3193.072902456108	2916.984659140721	3797.653993187357	0.965914	28.287939	0.048739150000000016	-0.07154420389999999	-0.0196508567	-0.0031081159999999997	0.021016498199999997	-0.0626861811	-0.0073291202	-0.0667199156	0.0504352733	-0.0184031832	-0.0056963501	-0.0318890362	0.0199410494	0.0866762813	0.0826124142	0.0759798486	0.0431819	0.150965	0.168101	0.00465418	-0.000211712	0.00226745
3192.4680804205727	2913.3336404889083	3790.8725166473823	1.00215	29.349167	0.11045736999999999	-0.0436593079	0.0140904517	0.006598233	-0.0086084927	0.0292657077	0.0457223458	-0.09755655740000001	0.0533006897	0.0359621446	-0.0148407729	0.030476516699999998	0.0184793873	0.08648154960000001	0.0818464586	0.0743044413	0.040468	0.141378	0.240235	0.00500531	-7.383259999999998e-05	0.00229889
3176.594728457081	2912.7001487412467	3785.620263851505	0.911684	26.699764	0.14845637	-0.03771288	0.0285261589	0.052632584	-0.0051246709	-0.0255524307	0.056696362400000005	-0.08964497140000001	0.0447302874	0.0513358541	-0.0092525952	-0.0254741415	-0.0075688833	0.08627399529999999	0.08103196309999999	0.0725298893	0.0506692	0.216429	0.230556	0.00586124	-0.00017724599999999996	0.00241005
3163.733959091556	2911.298107601673	3789.4145291647114	0.869136	25.453691	0.060972300000000014	-0.037701913999999996	0.052969376299999996	0.0736564546	0.0365309445	0.0851464983	0.0826410227	-0.0829377705	0.0451806634	0.0748376709	-0.014608454199999999	-0.0537068486	-0.0059092864	0.08605364900000001	0.08016941080000001	0.0706585605	0.0677343	0.208862	0.228691	0.00615915	-0.000144652	0.00276905
3181.561611715552	2913.428463449493	3790.955609957949	0.927886	27.174267	0.05224294999999999	-0.0281974537	0.016050861200000002	0.0144374426	-0.035313330899999995	0.0050322659	0.0160328561	-0.0662262712	0.0465491751	0.0434775143	-0.0184544445	0.0226350678	-0.0389989256	0.0858205436	0.0792593133	0.0686929517	0.0680988	0.190418	0.216103	0.00644055	-0.000172641	0.00287659
3178.9626436896388	2912.1697351295643	3784.9822499021507	0.963564	28.219118	0.07494415000000001	-0.028139210499999998	0.0371564982	0.0442588192	0.022764987400000002	-0.0044706863	0.0272954281	-0.0808434676	0.0386772342	0.056863923600000005	-0.0184704292	-0.0200411917	-0.0080696768	0.0855747135	0.07830221009999999	0.0666356857	0.0650397	0.168849	0.244273	0.00621317	-2.39e-05	0.00294339
3182.5467185817997	2911.729979705296	3782.962399759362	0.914032	26.768524	0.02244486500000005	-0.0138895638	0.023754886200000002	0.0176679015	-0.017141013899999998	0.038294171	0.0091822897	-0.0844090871	0.0473291072	0.0666602032	-0.0069799047	0.0179518272	0.0037528772999999996	0.08531619509999999	0.077298669	0.0644895074	0.0653234	0.169822	0.255491	0.00624527	4.41733e-05	0.00284416
3179.206477060501	2911.868607155125	3788.4947401036998	0.950755	27.844002	0.16765631500000003	-0.0141491339	0.0503413643	0.006764495400000001	0.0226934604	0.0642095202	0.0197951006	-0.0899015185	0.0278791091	0.0886991547	-0.013932186599999999	-0.0112764038	-0.0436437849	0.0850450269	0.07624928519999999	0.0622572806	0.0627893	0.243519	0.273598	0.00724212	-0.000266831	0.00268565
3192.3972860451677	2913.087249533284	3800.560529304912	0.938175	27.475582	0.07299089999999998	-0.0013327132	0.0576178595	-0.0475950917	0.0647600847	0.019665886299999998	0.042207309500000005	-0.0881094325	0.0248778071	0.0833209388	0.006672843100000001	0.0311460225	0.0622055142	0.084761249	0.07515468089999999	0.0599419838	0.0623101	0.227271	0.28681	0.007870089999999998	-0.000434845	0.0027507
3190.3676802171985	2910.665210821608	3795.8653756384942	0.964271	28.239828	0.041455200000000046	-0.0017399376000000002	0.049408659800000004	-0.0571125549	0.0084646262	0.0418204525	0.0197802628	-0.07666329150000001	0.030693151800000002	0.0710925405	-0.027911207400000002	0.056756678	-0.0558054193	0.0844649035	0.0740155054	0.057546706100000004	0.0662623	0.215334	0.27821	0.00796926	-0.000613225	0.00281247
3192.236526428099	2913.8430071218877	3792.2230293666707	0.99564	29.158514	0.11285199999999998	0.0039184087	0.0706046753	-0.008166136	-0.0328858783	-0.0579835747	0.055365459699999994	-0.0797218407	0.0077698076	0.0861637756	0.016820196000000003	0.0427535555	0.048026506100000005	0.0841560344	0.0728324342	0.0550746437	0.0667329	0.190159	0.336227	0.00815808	-0.000305077	0.00272565
3171.257834949815	2912.5293186702947	3784.2724761632426	0.995025	29.140495	0.163842	0.0082797649	0.0851652026	0.04279628269999999	0.021838178700000002	0.0462746118	-0.0059359448	-0.07644691320000001	-0.0067084105	0.1019616768	-0.0316572145	0.0158243087	-0.0810827871	0.0838346874	0.0716061689	0.052529095	0.082774	0.234401	0.302125	0.00891075	-0.000476125	0.00319107
3180.8781014185042	2920.157546958335	3795.503460451864	1.485303	43.498867	0.3077918499999999	0.0040018147	-0.0273725984	0.0130671868	-0.0988280406	-0.0077518772	-0.0265532552	0.0027824148	-0.0080369353	-0.0224455987	-0.037636945899999996	0.0053980805	-0.1013697974	0.0835009102	0.07033743690000001	0.0499134565	0.0953004	0.197695	0.142886	0.00988377	-0.000236736	0.00396507
3202.307245604008	2925.0017731235866	3817.5873074827336	1.565853	45.857876	0.24811685	0.0148856492	-0.0351019516	-0.030071462599999998	0.1600145764	0.0451643838	0.0920973251	0.0275420092	-0.0212565802	-0.0227326373	0.028923353399999997	-0.0190832597	0.17282238600000002	0.0831547522	0.06902699059999999	0.0472312184	0.131839	0.135813	0.109535	0.0111008	0.000329499	0.00450871
3214.830457363621	2924.614672331549	3825.060782735177	1.302986	38.1595	0.22855485000000006	0.0577850402	0.01736679	-0.1583494136	0.012661522199999999	0.144310158	0.039166894199999996	0.031659104300000004	-0.0271770695	-0.0002835164	-0.0215606501	0.2049504859	0.025174130099999997	0.0827962648	0.0676756071	0.044485959500000005	0.116577	0.0929236	0.149852	0.013096600000000003	0.00015141	0.00493655
3231.7688574526674	2929.6411816939726	3830.3718605322456	1.161787	34.024323	0.2325291	0.0659323936	0.0296561923	-0.18475991530000002	0.0031246378000000003	-0.0816321149	0.032152790699999996	0.0505310908	-0.055328376500000005	0.0135390402	0.033029872200000004	0.202340026	0.12861847880000002	0.0824255012	0.0662840879	0.0416813428	0.118572	0.200351	0.184835	0.0145761	0.000300144	0.00507079
3214.563192933996	2928.111371263194	3818.7656599907104	1.085153	31.780014	0.17338535000000002	0.0739547993	0.0541404412	-0.1398037443	0.0383667721	-0.0700050959	0.0344745468	0.045762892400000005	-0.065486188	0.0218140785	-0.0024327622	0.1588788424	0.078782554	0.0820425164	0.0648532582	0.0388211106	0.128574	0.270102	0.17904	0.0157778	0.000152587	0.00547828
3188.9258556547557	2916.902479241547	3796.311530911589	1.6901	49.496601	0.4698137500000001	0.022776805299999998	-0.104643717	-0.0706770815	-0.0191417909	-0.09536834570000001	-0.1028962482	0.09468224119999999	-0.0023107247	-0.1306494367	-0.0321883719	0.0541383432	-0.22005287920000002	0.081647367	0.06338396660000001	0.0359090792	0.136928	0.164006	-0.0215466	0.0142916	0.00071988	0.00652033
3205.787572278762	2927.8080865312195	3801.1245301843055	1.681644	49.248962	0.18270615	0.0352670693	-0.096040501	-0.021273349700000003	-0.0023035343	-0.061921402199999996	0.1443775165	0.0995029255	-0.0508804421	-0.08645080890000001	0.013014330800000001	-0.033564908500000004	0.16099647220000002	0.0812401117	0.0618770845	0.0329491343	0.130775	0.130268	0.043816	0.0136876	0.000180519	0.00611464
3187.675865054693	2924.4799865420428	3794.4117125365133	1.2240430000000002	35.847561	0.09534590000000003	0.0556603942	-0.0430415154	0.0079590732	0.0709092709	-0.0312153931	0.023884886299999998	0.08572972300000001	-0.048741146	-0.0399751712	-0.0134195928	-0.0404809017	0.028758988399999998	0.0808208109	0.0603335056	0.0299452252	0.13205	0.13698	0.065696	0.0142534	0.000753477	0.00594382
3198.558401501833	2922.750861966661	3793.4239357732285	1.002542	29.360653	0.13879310000000003	0.0642923297	-0.0440279683	-0.0153310058	-0.0752753962	-0.005816000500000001	0.0794404236	0.0991702603	-0.0535139029	-0.0374568886	0.0069132345	0.0198485608	0.0038944678000000003	0.0803895268	0.058754145199999996	0.026901360099999997	0.13799	0.178634	0.069824	0.0156606	0.000647155	0.00617172
3182.802706031272	2921.105107225645	3787.4948339799407	1.028862	30.13146	0.1435247	0.0741846678	-0.023952247200000002	0.0499319103	0.0135644427	-0.0700392522	0.0172230573	0.11185346789999999	-0.059433658	-0.0197913827	0.0080638936	-0.0352437715	-0.015569706200000002	0.0799463232	0.057139940099999995	0.0238216004	0.145148	0.218576	0.0480579	0.0165573	0.000379153	0.00650019
3175.0041730563994	2917.5271952171693	3784.860070326735	1.416729	41.490604	0.42966144999999994	0.0101965138	-0.1626238605	0.0633890907	-0.1000147203	0.047051409100000004	-0.0057883003	0.1438989999	0.0114523906	-0.1708089405	-0.0027866895	-0.0644543994	-0.2386920116	0.07949126599999999	0.0554918476	0.0207100555	0.157525	0.137096	-0.217066	0.0167627	0.000155022	0.00748427
3193.249324545612	2927.093902303375	3791.0693095283036	1.323261	38.753273	0.15228290000000014	0.0441646049	-0.14535781960000002	0.08147805080000001	-0.025918706899999998	-0.14523316	0.0782910052	0.1604772451	-0.0245780939	-0.1323249275	0.0658288603	-0.0988381848	0.10329984	0.0790244225	0.053810845	0.0175708771	0.16898	0.120797	-0.116113	0.0170911	0.00019628	0.00758613
3179.8067883039753	2921.121394463581	3788.8906903717043	1.086166	31.80966	0.11805906499999985	0.07135835730000001	-0.0800521473	0.09373098490000001	0.0571279318	0.10192440609999999	-0.0156719076	0.1429383577	-0.0371106327	-0.0505057141	0.0246470994	-0.1152156406	-0.0424728158	0.0785458621	0.052097929400000006	0.0144082538	0.160731	0.139408	-0.0349216	0.0170984	8.074669999999998e-05	0.00750881
3198.2229739921736	2923.0078879680595	3791.011138457851	1.08567	31.795141	0.17620311500000008	0.1062305227	-0.0391264533	0.0003309953	-0.0860978981	-0.0492647738	-0.007441651999999999	0.1353487701	-0.061902710599999994	-0.0303966036	0.0132692022	0.08124953230000001	0.011026760600000001	0.0780556556	0.0503541166	0.011226405600000001	0.163457	0.181503	0.0484179	0.0175923	0.000482719	0.00744383
3168.4988591055103	2919.9258814507093	3785.848518279927	1.342072	39.304199	0.24290535000000005	0.0592360235	-0.0852141084	0.11829410619999998	0.09442682179999999	0.0024292198999999997	-0.061456889	0.1417543144	-0.02809946	-0.059687765999999996	0.0206568461	-0.17494638070000001	-0.0734178446	0.0775538758	0.048580440700000005	0.008029577900000001	0.186104	0.156805	-0.0228128	0.0164754	0.000324936	0.00865574
3193.123147667678	2925.316362239882	3795.6516400066166	1.27382	37.305359	0.08778555499999985	0.08733133550000001	-0.1002649208	0.0159517628	-0.1060672187	0.0318460563	0.049941682300000005	0.1480592345	-0.045499258499999994	-0.0720226383	0.0200993516	0.0348039568	0.0119900308	0.077040597	0.0467779538	0.0048220363	0.193853	0.149729	0.00796597	0.0165103	2.22003e-05	0.00916174
3191.5853434741557	2919.964554344437	3794.6798816698997	1.107007	32.420033	0.17051484500000014	0.1132366659	-0.03573283	0.0402868672	0.1004899651	-0.0576215379	0.005776007	0.14558397210000001	-0.0585882562	-0.0057860846	0.034032849500000004	-0.0460989824	0.042010406900000005	0.0765158953	0.0449477246	0.0016080606	0.190107	0.190202	0.0338995	0.0180522	-0.000295386	0.00901398
3195.2177840811964	2923.915139180752	3793.442742514441	1.253054	36.697201	0.25836575	0.0817338762	-0.1487841328	-0.0155033536	-0.09490450310000001	0.0376242605	-0.0074304609	0.1718929291	-0.0186363686	-0.1377744547	-0.035351001800000004	0.035208529599999996	-0.1425056365	0.0759798486	0.043090838799999996	-0.0016080606	0.219166	0.147259	-0.0678352	0.0173845	-0.000192415	0.00993589
3195.079829023992	2921.818473373045	3791.2335976408413	1.276332	37.378899	0.13601350000000004	0.11046415470000001	-0.0975628445	0.057039933200000004	0.014560819	-0.1097705749	0.10957363390000001	0.159703872	-0.0390095244	-0.0455671992	0.0531831024	-0.0868534863	0.1390757865	0.0754325363	0.0412083975	-0.0048220363	0.214601	0.135264	0.0326787	0.0173662	-0.000336007	0.00971899
3182.8984350627916	2919.6767387699547	3790.537366596584	1.026673	30.067358	0.08337190000000007	0.11417811039999999	-0.052136191	0.0476197929	0.0216692236	0.07724091429999999	0.0175122638	0.1433554594	-0.0472462223	-0.0178236087	-0.0146404801	-0.0313117995	-0.048005813099999996	0.0748740396	0.0393015171	-0.008029577900000001	0.211716	0.161271	0.0573091	0.017552499999999995	-0.000586197	0.00955849
3184.713527668297	2919.554621670911	3784.134636768437	1.064875	31.186129	0.19143725	0.0933760476	-0.1529172825	0.0376710559	-0.1108051068	-0.0567842603	-0.0453111645	0.1698688	-0.0243475659	-0.10692591900000001	-0.034235123199999995	0.0159940917	-0.10773122939999999	0.0743044413	0.0373713285	-0.011226405600000001	0.226698	0.14205000000000004	-0.036486	0.0168284	-0.00067717	0.0100122
3189.4442208424525	2921.560480549303	3791.0862810445396	1.266642	37.095135	0.17730255000000011	0.1175970749	-0.0771824611	0.1006190154	0.1306625803	-0.047201186500000006	0.0581999234	0.15712539150000002	-0.058633877599999995	-0.0194821905	0.0541910861	-0.1173404351	0.1210382136	0.0737238258	0.0354189765	-0.0144082538	0.208579	0.129413	0.0516254	0.0173657	-0.000892413	0.00959604
3178.4539265849608	2918.155704111214	3789.1950654063935	0.985964	28.875139	0.11381905	0.1277936012	-0.061960519000000006	0.061175697	-0.0019604012	0.1121578177	0.0198103936	0.1538341611	-0.0528536298	-0.024460574500000002	-0.0044889365	-0.0123131352	-0.0542704254	0.0731322792	0.0334456189	-0.0175708771	0.217493	0.177069	0.0456252	0.0180447	-0.00115233	0.0096821
3198.6531281351176	2922.5691737370844	3792.118419625349	1.009337	29.559641	0.1519458500000001	0.1399761343	-0.059162096100000006	0.0139736722	-0.0507613376	-0.1054485267	0.043912559000000004	0.1412684308	-0.0735427697	-0.0184367213	0.050642058200000006	0.048873274	0.0884932051	0.0725298893	0.0314524261	-0.0207100555	0.209608	0.152084	0.130508	0.0178023	-0.000894329	0.00949864
3167.1209374306004	2917.962339642569	3785.419846545082	1.018116	29.816736	0.2437240500000001	0.1195384419	-0.0196218958	0.11301714410000001	0.069393055	0.019625580400000002	0.042155476	0.1361226079	-0.07573623040000001	0.0332582706	0.0148364579	-0.08932784769999999	-0.0198441408	0.0719167453	0.02944058	-0.0238216004	0.235151	0.273114	0.121358	0.0187666	-0.00116699	0.0100217
3173.8491596891804	2917.7340208276696	3786.495727531015	1.316481	38.554737	0.3690954000000001	0.1159399909	-0.1344563315	0.0783743601	-0.1575580626	0.0530954682	0.0243960385	0.17685213260000002	-0.0320042605	-0.1024716982	-0.0721633619	0.018446314499999998	-0.2061652898	0.0712929382	0.0274112739	-0.026901360099999997	0.2565	0.184895	-0.0228749	0.018005199999999996	-0.0007529	0.0111521
3195.600825507057	2920.619613667447	3788.6844548076238	1.461383	42.798344	0.25384940000000006	0.1497945037	-0.068899452	0.06943611200000001	0.032731654	-0.1139417598	0.0772394738	0.17016115629999998	-0.06352162830000001	0.0038310498	0.08762228789999998	-0.0634111956	0.165707715	0.0706585605	0.0253657113	-0.0299452252	0.252274	0.138044	0.122964	0.0186124	-0.00122157	0.0110893
3178.111106388312	2916.223398101856	3786.8277325776753	1.153952	33.794853	0.1394044999999999	0.1345591746	0.0074928213	0.038401806499999996	0.0265331674	0.0873012017	0.0317982842	0.1200697192	-0.0737885183	0.039395081400000004	-0.0231497757	-0.0273960408	-0.0320666861	0.0700137061	0.023305105299999997	-0.0329491343	0.250097	0.175996	0.175214	0.018843	-0.00161168	0.0107695
3183.252782839153	2916.696694824339	3781.0505402373433	1.163995	34.088997	0.21816705	0.150929643	-0.07364378320000001	0.0411013798	-0.13577034640000002	-0.0413384952	-0.0023924823999999997	0.1448130464	-0.048289003399999995	-0.014928931000000001	-0.0315555816	0.0409138574	-0.048781579500000005	0.0693584708	0.0212306779	-0.0359090792	0.274102	0.152643	0.166186	0.017239899999999996	-0.0007739589999999998	0.0115643
3184.439747650139	2915.2774739954352	3785.4248095150283	1.272688	37.272182	0.29487455000000024	0.11991813929999999	0.043679881799999994	0.049583650199999996	0.1041664351	-0.0423928835	0.0484000459	0.0937105724	-0.0676370122	0.0890697584	0.0354725177	-0.06712765849999999	0.1359481196	0.0686929517	0.0191436595	-0.0388211106	0.285299	0.174914	0.285376	0.0188419	-0.00171669	0.0118639
3175.6394429383477	2907.4450974510746	3788.156003981109	0.96061	28.132629	0.18850799999999968	0.11287673390000001	0.0706476843	0.0037698922999999996	0.042690760300000005	0.0963978682	0.0037450091999999997	0.0784671591	-0.0650637189	0.1009616489	-0.0114893346	-0.0346492894	-0.0170634858	0.06801724740000001	0.0170452877	-0.0416813428	0.292915	0.232892	0.314445	0.0201007	-0.00208809	0.0121106
3194.262999761581	2910.417406817945	3790.321283717716	1.004087	29.405897	0.10424949999999984	0.1026139817	0.0816818665	-0.0880826217	-0.0540354031	-0.0033238728999999997	0.0052974462	0.055871549699999995	-0.0640461971	0.0793106483	-0.043122874699999994	0.10304429220000001	0.0161820362	0.0673314582	0.0149368071	-0.044485959500000005	0.28998	0.215317	0.378145	0.0199052	-0.00224418	0.012061400000000003
3180.1726636600483	2913.103090545523	3780.1131276470414	1.153055	33.768597	0.21610150000000014	0.1210579648	0.0379870377	0.008431971	0.0768405741	-0.030211078199999998	0.0331038908	0.0655275231	-0.063789666	0.059732700300000004	-0.0662897809	-0.0033776031	0.0152058874	0.0666356857	0.012819468	-0.0472312184	0.313302	0.227501	0.332519	0.0179784	-0.00206829	0.0126581
3177.083272297262	2908.362016887199	3780.3193191043574	1.302505	38.145435	0.281469	0.08229350889999999	0.10363873400000001	-0.0083727107	0.012653145800000001	0.1013073784	-0.01824056	0.0332428139	-0.057318989199999996	0.11547071210000001	-0.0120489132	0.022972216299999997	0.0279155901	0.065930033	0.0106945262	-0.0499134565	0.350008	0.183524	0.432332	0.0196169	-0.00236395	0.0127434
3183.129863755486	2905.991517243512	3777.0882511603418	1.082381	31.698833	0.23048800000000005	0.0652358788	0.11726553210000001	-0.059577432400000005	-0.0271965721	-0.046059544	-0.0173730382	0.0137274042	-0.065673335	0.1141862342	0.0087966537	0.0820119956	0.037364257799999995	0.0652146049	0.008563241899999999	-0.052529095	0.309166	0.232395	0.487505	0.0205444	-0.00294899	0.0125439
3171.5015430208973	2902.5361685597773	3771.494397219812	0.938937	27.49789	0.09171350000000003	0.0379134064	0.12926021029999998	-0.037639301	0.0549099137	-0.007473128199999999	0.0183089559	-0.012852861299999999	-0.0689079705	0.1232747642	-0.0228146744	0.0009250689	-0.005777732099999999	0.0644895074	0.0064268791	-0.0550746437	0.293247	0.230997	0.537973	0.0203346	-0.00293242	0.0122917
3167.764602397774	2905.08426603082	3759.4901484623897	1.208002	35.377785	0.28529200000000005	0.08155379480000001	0.09983180289999999	-0.0081207122	-0.11258423320000001	-0.0016672271	0.0151436996	0.0076965215	-0.050056828899999996	0.102124355	-0.11532580029999999	0.081621116	-0.06967991230000001	0.063754848	0.0042867048	-0.057546706100000004	0.33603	0.218186	0.494854	0.0182338	-0.0029692	0.0138857
3159.909935121697	2902.1241534996643	3764.653528043752	1.40566	41.166443	0.32015649999999984	0.018606088899999998	0.1437771369	0.059775321299999996	0.0739028674	-0.0736842343	-0.052583724400000004	-0.0238351863	-0.0485212846	0.1352455554	0.0776324374	-0.0599675767	0.0988579008	0.06301073559999999	0.0021439881	-0.0599419838	0.360139	0.194765	0.620436	0.0202109	-0.00358859	0.0142301
3159.5330333850293	2901.139482128565	3772.0904905652196	1.069697	31.327375	0.1772509999999999	-0.0107517331	0.1533994173	-0.0150714087	0.0032544369	0.075962878	-0.0268321108	-0.0523488138	-0.0424298833	0.12905967529999998	-0.0461299085	0.039764049100000004	-0.038131696	0.0622572806	0.0	-0.0622572806	0.36649	0.273658	0.637311	0.0213234	-0.00387933	0.0143295
3154.224332328146	2899.851526025491	3767.3371984290006	1.253118	36.699059	0.2459799999999999	0.0454580817	0.1251970151	-0.0329091737	-0.0440987302	-0.0719339151	0.021222693100000002	-0.0079684875	-0.032616371899999996	0.0961005283	-0.1288161387	0.0339201984	-0.0239753792	0.061494594699999995	-0.0021439881	-0.0644895074	0.35284	0.182812	0.58864	0.020151	-0.00383147	0.0149655
3150.224763367238	2901.953174686813	3768.2670342440883	1.508624	44.181877	0.25640699999999983	0.0274163373	0.1389992368	0.0454290445	0.09460683380000001	0.0509815696	-0.0200420647	-0.0402075395	-0.0266812695	0.1456855795	0.0688391318	-0.062712984	0.052325687	0.0607227909	-0.0042867048	-0.0666356857	0.377371	0.20117	0.650812	0.0183596	-0.00324975	0.0156193
3173.2746602002776	2902.94387010482	3774.461628081872	1.133958	33.209305	0.17308699999999994	0.0222644008	0.1183593921	-0.0579667487	-0.08690866929999999	0.0261094479	-0.0301398253	-0.0475639176	-0.0057935845	0.0874392224	-0.0070260758999999996	0.1276863835	-0.0198335213	0.0599419838	-0.0064268791	-0.0686929517	0.370869	0.137574	0.695911	0.0185139	-0.00324975	0.0146158
3185.250813122694	2903.92980578206	3779.997414506964	1.208282	35.386002	0.3315320000000002	0.010254035	0.1055522816	-0.0826101583	0.0469401487	-0.11984253130000001	-0.0345005233	-0.0406735933	-0.0330036205	0.0996426285	0.0749695565	0.0637875076	0.09620745539999999	0.059152288899999995	-0.008563241899999999	-0.0706585605	0.375171	0.252269	0.714041	0.020847	-0.00432525	0.0150953
3173.3943214896776	2903.061673688794	3772.684468703576	1.101826	32.268303	0.15215199999999987	-0.033253871000000004	0.1108485442	-0.0805696029	0.0065633272999999995	0.0012435662	0.0279505509	-0.0593243954	-0.0358868467	0.0673796329	-0.0468763707	0.064485932	-0.0125790852	0.0583538236	-0.0106945262	-0.0725298893	0.369875	0.30046	0.749965	0.0216643	-0.00472427	0.0150568
3154.4446093404663	2899.9212859761024	3759.112922475124	1.400868	41.026112	0.498757	0.0858230482	0.100981067	-0.0119593358	-0.0560583776	-0.0744424707	0.034160316600000004	0.0196580853	-0.0296388224	0.0939366531	-0.1500508914	0.0236331575	-0.0516447774	0.057546706100000004	-0.012819468	-0.0743044413	0.384914	0.222443	0.556139	0.0197412	-0.00414577	0.0167927
3157.882960589096	2903.345027006309	3761.233144274387	1.405213	41.153347	0.30855949999999993	0.0178008625	0.11586894589999999	0.0382681339	0.0405998807	-0.007675936899999999	-0.0561882724	-0.0290786029	-0.0498866253	0.1094231503	0.07516436209999999	-0.041557245699999995	0.046571684	0.0567310561	-0.0149368071	-0.0759798486	0.386245	0.187014	0.669456	0.0211471	-0.00474182	0.015625
3152.0223140036155	2894.9984497172522	3755.572760072525	0.964784	28.254868	0.24856150000000005	-0.0049639152	0.12769460929999998	0.0197513879	-0.0833140363	-0.0170652372	-0.0614084219	-0.0434543784	-0.0395644231	0.10748470199999999	0.0167287682	0.0316232371	-0.0322252001	0.0559069946	-0.0170452877	-0.0775538758	0.360968	0.26803	0.704346	0.0218926	-0.00425015	0.0147146
3153.306762043035	2896.0214221273327	3756.304679243015	0.870324	25.488485	0.08017400000000001	-0.0138836587	0.1153288409	0.0378397604	0.048994099299999996	-0.0088773279	-0.0093430173	-0.050465042599999996	-0.0380757264	0.1045566107	-0.0146736473	-0.0524198838	0.0051151962	0.0550746437	-0.0191436595	-0.0790244225	0.360655	0.257733	0.72931	0.0216963	-0.00469365	0.0149668
3148.6562607277447	2898.3067670338673	3750.557040353159	1.132043	33.15324	0.19561399999999998	0.0206958234	0.11570013400000001	-0.0014817235999999999	-0.1041330937	0.0508048021	0.0022042329000000003	-0.035163803	-0.0323888072	0.087339741	-0.1263071033	0.0443716649	-0.11377759130000001	0.0542341268	-0.0212306779	-0.0803895268	0.371959	0.219099	0.670343	0.0206062	-0.00458557	0.0155028
3156.89497182792	2898.9032964196367	3755.3919817828005	1.396954	40.911484	0.20714100000000002	-0.013789778	0.1067200452	0.0422762307	0.0331307196	-0.0919980457	-0.1014188491	-0.06456528660000001	-0.0366063566	0.0899099297	0.12608873710000001	-0.0642582833	0.07438942230000001	0.0533855686	-0.023305105299999997	-0.081647367	0.376097	0.232176	0.772209	0.0216375	-0.00529517	0.0154825
3146.719877935707	2896.1926984239826	3763.873647560147	1.123665	32.907887	0.12401349999999994	-0.0449445421	0.1025643701	0.0176861492	0.05883121980000001	0.1127161033	0.0132514252	-0.0683371871	-0.027351789100000003	0.07566653150000001	-0.0272848053	-0.0270815321	-0.0760698693	0.052529095	-0.0253657113	-0.0827962648	0.372934	0.28285	0.764758	0.0222669	-0.00505186	0.0151007
3170.3074361224817	2905.109775266491	3771.385125585162	1.169224	34.242119	0.28956750000000003	0.0564960186	0.09301245710000001	-0.06429916849999999	-0.0959233633	-0.0272474492	0.0149417571	-0.0022806901999999998	-0.0404213359	0.07086699860000001	-0.0871202711	0.10136881380000001	-0.0032648833	0.051664832800000005	-0.0274112739	-0.0838346874	0.384164	0.219508	0.652054	0.0212172	-0.00480373	0.0158487
3163.721805012947	2901.5587855417266	3769.5799219748383	1.18038	34.568829	0.2350680000000001	-0.0063110623	0.089775354	0.0028123395000000002	0.0681966514	-0.0068200237	-0.038739011600000005	-0.029067227	-0.0651202478	0.0750574868	0.0857965904	-0.0463044776	0.021240536400000003	0.05079291019999999	-0.02944058	-0.084761249	0.354657	0.222393	0.719607	0.022717	-0.00485529	0.0146976
3166.618109415559	2898.8304128891473	3768.109091752706	1.016327	29.764366	0.15816799999999984	-0.0385199648	0.07565774389999999	-0.028262570600000002	-0.0559189329	-0.009305008	-0.0080708423	-0.0533751075	-0.0376499146	0.0286963703	0.0200040431	0.0643204555	-0.0331897601	0.0499134565	-0.0314524261	-0.0855747135	0.359435	0.258192	0.79946	0.0228313	-0.00474843	0.014164
3173.231932975476	2900.440023348717	3763.1034705649213	0.953649	27.928755	0.12489900000000012	-0.0644743616	0.0470225286	-0.0012236187	0.025706364300000003	-0.0450152817	-0.0092574072	-0.0692132262	-0.0276114824	0.015810688	0.0534908907	-0.0020418803	0.014273657700000001	0.0490266021	-0.0334456189	-0.08627399529999999	0.366089	0.287613	0.88363	0.0228313	-0.00484151	0.014164
3148.4148080526925	2892.9273675161658	3750.062914178521	1.011996	29.637526	0.18402849999999993	-0.0714196451	0.048000079	0.0436709947	-0.0841961008	-0.0114104424	-0.0038206906	-0.08361047860000001	0.0019588694	0.0003286569	-0.017386725800000002	0.0073984847	-0.0623990612	0.0481324786	-0.0354189765	-0.08685816140000001	0.385713	0.348595	0.8984729999999999	0.0230432	-0.0052653	0.0152999
3140.1828631406092	2894.3682302913685	3752.3035282703613	1.417803	41.522049	0.4760719999999999	0.027555276	0.1073049668	0.0855251691	-0.0084856009	-0.0317084049	0.0705129862	-0.0146236882	-0.034203771099999995	0.094909405	-0.1218133776	-0.0752930896	-0.0350950063	0.0472312184	-0.0373713285	-0.0873264324	0.390886	0.232841	0.672299	0.0219494	-0.00574462	0.0163062
3159.7559416927197	2900.4041021801186	3761.996484720982	1.304129	38.192974	0.155072	-0.0034436	0.0754632167	0.0103240036	-0.0768838449	0.0363718333	-0.0819822912	-0.0350873521	-0.025239284	0.0544676888	0.0665912822	0.0406468558	-0.0242037557	0.046322955199999995	-0.0393015171	-0.08767818349999999	0.394288	0.20897	0.769536	0.0224044	-0.00574218	0.016459999999999995
3155.2846190620808	2893.636717632295	3758.0503272139904	0.938564	27.486969	0.1245449999999998	-0.0198258191	0.0858036843	0.0329198514	0.0412201071	-0.08798076199999999	-0.042550886600000004	-0.040415555299999996	-0.012108765	0.0841446511	0.042142435	-0.0369610441	0.049761444	0.0454078236	-0.0412083975	-0.08791294529999999	0.403366	0.222424	0.7945229999999999	0.0229341	-0.0059841	0.0172289
3154.9991861644316	2896.1824352329545	3760.1943800903455	0.952501	27.89513	0.12690650000000003	-0.0339278042	0.0671306326	0.014709503899999999	-0.0177050663	0.08643473310000001	-0.0152130097	-0.048779760199999994	-0.0163428607	0.049766749900000004	-0.0209218127	0.0017036821	-0.044288859800000004	0.044485959500000005	-0.043090838799999996	-0.08803040460000001	0.404678	0.216736	0.832853	0.0231493	-0.00558497	0.0162117
3167.456740839599	2900.0286032562008	3759.834261774984	1.030359	30.17531	0.10142449999999985	-0.008407285	0.07836202099999999	-0.013905582	-0.0827644899	-0.07636454940000001	0.0201509083	-0.042176402	-0.0173501562	0.011121846000000001	-0.053429215599999996	0.0644478329	0.021233879	0.0435574993	-0.0449477246	-0.08803040460000001	0.400483	0.176372	0.806778	0.0228105	-0.00560858	0.0159583
3160.801818952014	2898.2667554630475	3766.8537269147255	1.166006	34.147873	0.18144150000000003	-0.055824112099999997	0.0465972591	0.0396789627	0.07214667129999999	0.0301386581	-0.0764068663	-0.050604616100000006	-0.0157065705	0.0328413845	0.07336096889999999	-0.0371950682	0.0216746244	0.0426225809	-0.0467779538	-0.08791294529999999	0.396228	0.235628	0.865767	0.0237738	-0.00565851	0.0157927
3175.3978649635164	2897.2706309657287	3772.5713156735737	0.909142	26.625305	0.08234299999999994	-0.05024497519999999	0.014334080800000001	-0.04599869400000001	0.0131172046	0.024697261800000002	-0.0334939068	-0.0540596405	0.0093093306	-0.0063429084	0.0276232385	0.051351742400000004	0.0025286839	0.0416813428	-0.048580440700000005	-0.08767818349999999	0.400363	0.261982	0.880032	0.0239028	-0.00595769	0.0161163
3170.1214912497376	2895.0706639091964	3764.703932488131	0.888693	26.02643	0.03030300000000003	-0.047589411100000006	0.0224985114	-0.0551485896	-0.0028833785	-0.019041356000000002	0.0049494579	-0.0448103424	-0.0045591638	0.0099087684	0.0135293809	0.0227069746	0.009749485799999999	0.0407339246	-0.0503541166	-0.0873264324	0.407645	0.25897	0.890745	0.024018	-0.00591687	0.0161462
3171.7526437789697	2896.9927810984755	3754.5392560996747	0.98089	28.726542	0.06800550000000014	-0.0572657443	0.018759635900000002	-0.014047329099999999	0.0176480762	-0.042879750099999996	-0.0014348654000000001	-0.061714840599999994	0.0015678487	-0.0101925809	0.024916420800000002	0.014104963100000001	0.0177305389	0.039780466699999996	-0.052097929400000006	-0.08685816140000001	0.411258	0.255777	0.916081	0.0235899	-0.0056585	0.0161154
3153.9857615480214	2901.116204021379	3750.944562393609	1.228068	35.965454	0.2811840000000002	-0.0178588746	0.06943462339999999	0.0168604114	-0.061540869500000005	0.021531977200000003	0.0437320308	-0.028722334	-0.0398823736	0.0383466101	-0.1098730369	-0.0144433117	0.006954113499999999	0.0388211106	-0.053810845	-0.08627399529999999	0.43607	0.303771	0.8116259999999998	0.0240818	-0.00590346	0.017457
3165.371251309983	2894.1117248866162	3756.182204344039	1.127863	33.030819	0.18822150000000012	-0.045959678899999995	0.036120197799999997	0.005322316	0.019442674099999998	-0.0305417197	-0.0539012308	-0.047446691299999996	0.0036691705	0.018153235400000002	0.0545885775	-0.0050832195000000005	0.041715056699999996	0.0378559984	-0.0554918476	-0.0855747135	0.425351	0.221395	0.8696899999999999	0.0244603	-0.00585821	0.0171395
3157.430001886287	2888.2408077638106	3758.153099812649	0.8750879999999999	25.627995	0.06894399999999998	-0.0484081501	0.0270394838	-0.0058291177	0.0288126052	0.0759052692	-0.0265757102	-0.04939127559999999	0.0106435214	0.0301553792	0.010491204399999999	-0.0340082942	-0.0460323236	0.0368852733	-0.057139940099999995	-0.084761249	0.425497	0.239956	0.8762339999999998	0.0247927	-0.00631127	0.0170511
3179.2895508142933	2895.8392133011102	3764.852892540863	0.9200950000000002	26.946085	0.13869800000000007	-0.0522064454	-0.0011246966	-0.0658498315	-0.0221917573	-0.0517939333	-0.0383033227	-0.0533253782	0.0128568722	-0.0244805462	0.0450654204	0.0621653854	0.0223620394	0.0359090792	-0.058754145199999996	-0.0838346874	0.426401	0.23127	0.950377	0.0244603	-0.00631127	0.016284199999999995
3161.118702094312	2891.526367569885	3760.649015368504	1.006102	29.464897	0.16812999999999986	-0.0783820259	-0.0482748306	-0.0044534998	0.0855182492	0.045849820599999994	0.0385303988	-0.0549546805	0.038070557799999995	-0.0643017535	-0.008990792099999999	-0.041663710699999995	-0.0290767073	0.0349275609	-0.0603335056	-0.0827962648	0.426649	0.261673	1.026	0.0246647	-0.00567275	0.01589
3151.6753589142436	2892.769106135676	3756.0099942729053	1.406967	41.204723	0.288783	-0.0119760525	0.06294165780000001	-0.0452046965	-0.1340963492	0.006872185	0.06660555809999999	-0.0330009994	-0.0191498631	-0.0005834557	-0.17927879170000002	0.04585553059999999	-0.0425282961	0.0339408638	-0.0618770845	-0.081647367	0.430787	0.281617	0.81113	0.0246026	-0.00598177	0.016515499999999995
3170.5849751340234	2897.295917088551	3769.313743398949	1.452888	42.549557	0.29347649999999986	-0.0429400072	0.022319147200000004	-0.009823025899999999	0.1135862837	-0.0102465756	-0.0920619352	-0.0413380565	-0.0310051513	0.0009703478	0.1321894883	-0.044852364299999996	0.0464470208	0.0329491343	-0.06338396660000001	-0.0803895268	0.3996	0.172011	0.8846549999999999	0.0250776	-0.0059581	0.015431
3169.3747045640544	2897.708898971007	3765.1643630117205	1.046288	30.641808	0.16993150000000012	-0.053009132199999996	-0.024542861800000003	-0.0696309023	-0.0448077874	0.0555556922	-0.02291065	-0.0447042388	0.012257580300000001	-0.0584243554	0.0141607344	0.08970761449999999	-0.045714192300000005	0.0319525194	-0.0648532582	-0.0790244225	0.393625	0.251125	0.956366	0.025078	-0.00618643	0.0153971
3177.1838880201817	2895.63090027162	3764.629037282865	1.092521	31.995794	0.28647900000000004	-0.0742855615	-0.11074787470000001	0.0041525241999999995	0.0714565284	-0.0840387249	-0.0103571298	-0.036460977799999995	0.0341202792	-0.1139953117	0.1053579712	-0.0195536643	0.0403680956	0.0309511669	-0.0662840879	-0.0775538758	0.375072	0.254506	1.12443	0.025092	-0.00542061	0.0142473
3141.856116395745	2891.8087540650563	3753.831649345325	1.4021340000000002	41.063175	0.4450665	-0.0481994144	0.025145571000000002	0.011139794299999999	-0.0884199577	0.0814907883	0.0731394143	-0.0527983957	-0.0011794676	-0.031770630099999995	-0.1549236306	-0.0099487927	-0.030079505299999997	0.0299452252	-0.0676756071	-0.0759798486	0.422132	0.299593	0.929009	0.0245958	-0.00593298	0.0163887
3163.936568834971	2895.9653464314256	3764.7138373334815	1.249472	36.592293	0.22344050000000007	-0.0504693258	-0.006216436800000001	0.0100572309	0.0176325534	-0.08478489859999999	-0.070851706	-0.044806682300000004	0.0098077438	-0.0369432789	0.1173248446	0.0032863934999999996	0.044993206699999996	0.0289348435	-0.06902699059999999	-0.0743044413	0.403216	0.224147	1.00327	0.0242612	-0.00552193	0.016038
3163.7953559834996	2892.7383909335413	3765.946788263918	1.055919	30.923847	0.20218149999999974	-0.0695768985	-0.06982898900000001	-0.0133175054	0.0589819397	0.08879560460000001	0.0220895623	-0.0380264362	0.027360015	-0.0736569834	0.0126465278	-0.018313098700000002	-0.0495071366	0.0279201717	-0.07033743690000001	-0.0725298893	0.405904	0.25459	1.04666	0.0257573	-0.00649774	0.0159967
3183.8043524684113	2893.850980337744	3764.94982770501	0.99793	29.225576	0.20323199999999997	-0.047220879699999996	-0.1241309773	-0.074652205	-0.0729661794	-0.0656913079	-0.0240720426	-0.019291346299999998	0.0708615674	-0.1210612492	0.0717575852	0.0767780986	-0.0077767312	0.026901360099999997	-0.0716061689	-0.0706585605	0.401258	0.247124	1.17543	0.0254664	-0.00581704	0.0157213
3153.870360451123	2895.4483195906487	3761.5676864188977	1.391716	40.75808	0.34826749999999984	-0.05418680730000001	0.020687551999999998	-0.0223063244	0.0735813997	0.022642269500000003	0.1283972392	-0.041247113700000004	-0.023874968599999997	-0.0331327078	-0.1571481059	-0.06735270559999999	0.036918298599999996	0.0258785598	-0.0728324342	-0.0686929517	0.405238	0.298057	0.934799	0.0254858	-0.00576687	0.0167062
3174.0626705134086	2895.597582086253	3767.6239614405154	1.340999	39.272751	0.2467494999999999	-0.0540693704	-0.0430708167	-0.0575002645	-0.038008769399999996	0.0128380072	-0.1161625388	-0.037443734900000004	0.006350565600000001	-0.0756998512	0.0899721566	0.055126965300000004	-0.0359674924	0.0248519225	-0.0740155054	-0.0666356857	0.391087	0.249356	1.0243	0.0258965	-0.0060959	0.015558
3168.729661299307	2889.895263905916	3758.971207438023	0.966363	28.301111	0.1158555000000002	-0.0621375347	-0.0542854887	-0.028239657799999998	0.0566152979	-0.0602469659	0.028152968100000002	-0.0361556942	0.015303289599999999	-0.0708401075	0.0343782853	0.0035436916999999997	0.0174357828	0.0238216004	-0.07515468089999999	-0.0644895074	0.388823	0.278253	1.04399	0.0267082	-0.00657279	0.0155465
3167.177322331365	2892.313360957269	3754.458352785893	0.959473	28.099329	0.16805349999999997	-0.0569757431	-0.0956416051	-0.0194053464	-0.0206721114	0.0182473771	-0.0742957336	-0.030410713199999998	0.0277436572	-0.0893817919	0.0793570653	-0.0007542642	-0.0689723074	0.022787746299999998	-0.07624928519999999	-0.0622572806	0.389568	0.262753	1.13197	0.0263058	-0.00586292	0.0153822
3158.852780882249	2889.6116131046033	3745.567815375976	1.06624	31.22613	0.17731650000000007	-0.0547879215	-0.11433929849999999	0.0551428577	-0.0302697506	-0.0866373986	0.0755528808	-0.0263024846	0.0503660874	-0.0993208522	0.017680571000000003	-0.0276597411	0.0031957411	0.021750513399999997	-0.077298669	-0.0599419838	0.402026	0.32974	1.16072	0.0269828	-0.00636835	0.0151822
3135.6133054828606	2892.1886408749933	3752.4922898846166	1.276751	37.39119	0.25853699999999996	-0.069241498	-0.023637075299999998	0.07131338450000001	0.0598457747	0.0870575298	0.1097789239	-0.038822669500000004	-0.011761033	-0.0561331489	-0.1309044383	-0.1388671158	0.0009493542	0.0207100555	-0.07830221009999999	-0.057546706100000004	0.402083	0.281183	1.01973	0.0270794	-0.00644641	0.0163862
3168.2085395164613	2894.1205750296044	3764.906986612049	1.21739	35.65274	0.05795300000000012	-0.0557999558	-0.056854887199999996	-0.0344185161	-0.0704395211	0.0356356024	-0.1255082076	-0.033093678	0.0054998418	-0.07083700030000001	0.0950725509	0.05714708	-0.06324604190000001	0.019666527	-0.0792593133	-0.0550746437	0.394721	0.279616	1.04672	0.0270251	-0.00672919	0.0162826
3166.4127430769963	2893.494892231639	3762.154831843994	0.921691	26.992834	0.06089849999999989	-0.0583505877	-0.055358179	-0.0164568981	0.0563335284	-0.016836236799999998	0.0360813835	-0.0269029734	0.0073006199	-0.0570066892	0.017805476100000002	-0.0032909701000000003	0.032150167400000006	0.0186200824	-0.08016941080000001	-0.052529095	0.390746	0.294092	1.05542	0.0275233	-0.00684414	0.0163444
3162.3030356099284	2895.471895181634	3756.550413374317	1.021871	29.926716	0.22234000000000012	-0.062840886	-0.00975821	-0.053357246	-0.0665998274	0.008015420300000001	0.058168615800000004	-0.0359074245	-0.0017028270999999999	-0.0856964464	-0.09155051539999999	0.044785101699999996	0.0019283414000000002	0.0175708771	-0.08103196309999999	-0.0499134565	0.401073	0.236234	1.02363	0.026441	-0.00605044	0.016915699999999995
3160.3259303895597	2893.503147407031	3753.980952663753	1.195771	35.019588	0.17172549999999998	-0.0596605872	-0.0544577639	0.0419446408	0.06520391639999999	-0.060521215999999996	-0.0687097206	-0.0339439244	0.0007697715	-0.046622333499999995	0.1281374327	-0.056500640199999994	0.014579907	0.0165190665	-0.0818464586	-0.0472312184	0.394326	0.267479	1.09328	0.026795	-0.00626001	0.0161976
3160.0595430583917	2889.129912464829	3754.291865088144	1.084424	31.758659	0.169499	-0.0627576746	-0.0751786402	0.012748641399999998	-0.0001340705	0.07110707969999999	0.0018482213	-0.0259112983	0.0304560837	-0.0888157615	-0.008165292900000001	-0.0036084296999999996	-0.071707553	0.0154648067	-0.0826124142	-0.044485959500000005	0.374556	0.312952	1.10548	0.0280164	-0.00661733	0.016459999999999995
3162.7558690129586	2896.5971276472487	3756.0393386956675	1.22983	36.017036	0.25680300000000006	-0.0535358541	0.0116812494	-0.0374415653	-0.0172733617	-0.0802750397	0.0848588319	-0.0307147319	-0.023033957400000003	-0.06323118	-0.1094703301	-0.0034485077	0.0737872007	0.0144082538	-0.08332937559999999	-0.0416813428	0.413792	0.267175	1.00515	0.027522	-0.00629573	0.0170732
3153.738294483554	2890.980187316912	3752.8194853761684	1.245612	36.479233	0.1928425	-0.0600396742	-0.051147627599999995	0.0290064087	0.0879525708	0.08692183279999999	-0.0389104475	-0.029869039700000002	0.0019812441	-0.0493307031	0.0749826722	-0.0607482525	-0.0574163579	0.0133495647	-0.08399691769999999	-0.0388211106	0.413202	0.21091	1.08119	0.0281867	-0.00628938	0.016545299999999995
3162.893824070163	2889.7962018012104	3752.671140900465	0.9546190000000002	27.957163	0.11441100000000025	-0.0439762775	-0.062665012	-0.0363050075	-0.0777261861	0.0164342973	-0.0073795093999999995	-0.019862482600000002	0.032104049700000005	-0.0691311493	0.0268154764	0.0411691213	-0.0358458184	0.012288896200000001	-0.08461464449999999	-0.0359090792	0.411088	0.271816	1.09325	0.028299	-0.0067485	0.0167605
3163.42158674132	2889.6573512385326	3753.952016707992	0.936488	27.426178	0.18001950000000014	-0.052637438200000004	-0.0902124151	0.027592960899999998	0.0805825964	-0.0208179836	0.0106707308	-0.014914046299999999	0.0318204603	-0.07311597610000001	0.0426609212	-0.0663453909	0.028562492999999998	0.011226405600000001	-0.0851821898	-0.0329491343	0.395806	0.272722	1.17692	0.0279445	-0.00634237	0.015917899999999995
3151.6244872037764	2894.5017261456837	3749.241981802479	1.147672	33.610954	0.22412650000000006	-0.0601115236	-0.018317751200000003	0.0046567319	-0.08672465130000001	0.047896778	0.096881655	-0.028377992	-0.011058258500000001	-0.0935211725	-0.14155420970000002	0.0087441884	-0.0037681837	0.0101622504	-0.0856992169	-0.0299452252	0.404324	0.308046	1.04857	0.0281728	-0.00643386	0.0166368
3156.4361240354747	2891.518632991139	3750.9347745270697	1.177229	34.476566	0.13173549999999995	-0.0596301292	-0.054524440199999996	0.0593472501	0.0554945929	-0.0802715449	-0.0902978501	-0.0271269161	0.0077570426	-0.0517977946	0.12261087	-0.057681436100000004	0.0131914047	0.009096588499999999	-0.0861654192	-0.026901360099999997	0.405243	0.290075	1.1246600000000002	0.0287541	-0.00650697	0.0167175
3157.798508537729	2888.975072148014	3755.48480159397	0.99445	29.123659	0.08557199999999995	-0.0408195363	-0.0727772693	0.0152458109	0.0179792081	0.11479465009999999	0.0330628092	-0.0173102217	0.0236745882	-0.0548383893	-0.0052164349	-0.019463961999999998	-0.0518736342	0.008029577900000001	-0.0865805201	-0.0238216004	0.392425	0.320843	1.13124	0.0291024	-0.00650345	0.0163612
3171.5650700090932	2893.5025524394355	3756.676267235057	1.2070280000000002	35.34927	0.08700199999999986	-0.0477192079	-0.043612335999999995	-0.0503227791	-0.0871286295	-0.0376670144	0.0761670658	-0.014647559899999999	0.0031253176	-0.08563547199999999	-0.08063136280000001	0.030873780099999998	0.0365172109	0.006961376700000001	-0.08694427369999999	-0.0207100555	0.40318	0.294948	1.11566	0.0290568	-0.00589161	0.0163992
3161.5571260227016	2891.8309166080003	3757.188385134591	1.18829	34.800484	0.12222499999999985	-0.047460052999999995	-0.068094161	0.0371762495	0.0972897252	-0.0037823809000000004	-0.051890951500000004	-0.0176905704	0.01180529	-0.050227405	0.088865809	-0.0598417633	0.028309411899999998	0.0058921432999999995	-0.087256464	-0.0175708771	0.412839	0.266403	1.13846	0.0297013	-0.00626513	0.0161928
3162.437106373969	2889.394598674024	3760.5165435752747	0.973326	28.50502	0.061498000000000115	-0.0415919005	-0.0772747908	-0.0077117137	-0.014912842800000001	0.07491379	-0.0072278042	-0.0088682325	0.037384372	-0.07565800519999999	-0.015200672	0.0362573875	-0.0403549762	0.0048220363	-0.08751690599999999	-0.0144082538	0.406313	0.275338	1.14286	0.030075	-0.00653557	0.0163814
3179.0383247564423	2890.521169816729	3760.5366332480535	0.931126	27.269154	0.13083250000000016	-0.027654916	-0.0848873895	-0.0478838205	0.042436179299999995	-0.10853811029999999	-0.0261584058	-0.0035283038	0.030897516400000002	-0.066589387	0.07470610700000001	0.0226015983	0.0760894362	0.0037512142999999998	-0.0877254451	-0.011226405600000001	0.418822	0.254344	1.19989	0.0297529	-0.00611298	0.0164427
3160.911706858615	2889.542522492537	3753.7147587463814	0.922971	27.030321	0.16988949999999992	-0.034472351899999996	-0.09039103289999999	0.011102925100000001	0.0312274369	0.0710210825	0.0515762568	-0.0006051944999999999	0.0403925833	-0.06343535230000001	-0.0096337978	-0.0273953755	-0.0190383801	0.0026798360999999997	-0.0878819578	-0.008029577900000001	0.42881	0.336812	1.18753	0.0302768	-0.00678705	0.0165462
3171.6180718158116	2895.092008371697	3757.445458539961	1.061854	31.09767	0.181753	-0.0394505929	-0.045042492	-0.018718368200000002	-0.10198294990000001	-0.042926813099999996	0.10720951949999999	-0.010595656299999999	0.0177036523	-0.0987358154	-0.0910164388	0.0281442053	0.0731752548	0.0016080606	-0.0879863512	-0.0048220363	0.443772	0.259384	1.14804	0.0302003	-0.00661209	0.0172922
3162.932416402242	2889.9868889156733	3757.0746414574705	1.119193	32.776901	0.12863400000000003	-0.0377236052	-0.0676373123	0.0297588685	0.0826432579	-0.0371488344	-0.053987627999999996	-0.0088556022	0.028959131000000003	-0.025766498	0.07562879269999999	-0.047992250599999994	0.027752405499999997	0.0005360467	-0.08803856339999999	-0.0016080606	0.454688	0.301581	1.17894	0.0301562	-0.00710691	0.0176457
3174.9772336038122	2890.972601480065	3758.9502586421627	0.959653	28.104591	0.07348600000000025	-0.010893540600000001	-0.09594203960000001	-0.04803167690000001	-0.048080685199999994	0.0796522756	-0.0080647539	0.0043826711	0.0697698105	-0.0689832234	-0.013767182	0.0786335969	-0.0238634057	-0.0005360467	-0.08803856339999999	0.0016080606	0.461691	0.306844	1.23222	0.03009	-0.00710691	0.0175531
3181.95004103193	2890.3902769456463	3757.636582742692	0.882005	25.830576	0.10123899999999965	-0.0010104634	-0.10309518529999999	-0.046972799	0.0322100084	-0.0820770193	0.040202134	0.010716511299999999	0.0707591666	-0.0566176104	0.0180161733	0.0272213223	0.0821163908	-0.0016080606	-0.0879863512	0.0048220363	0.46209	0.335869	1.2804	0.0297128	-0.00710691	0.0174576
3151.456961398616	2888.917285920269	3752.351763812496	1.301163	38.106125	0.34831149999999994	-0.0598611575	0.015176840700000001	-0.0375163952	0.0416661067	0.0704801157	0.20254750600000002	-0.015784571100000002	-0.0001542053	-0.0299536119	-0.1894632584	-0.0658987085	0.0504347157	-0.0026798360999999997	-0.0878819578	0.008029577900000001	0.48333	0.343088	1.08432	0.030298	-0.00749626	0.0189585
3176.3006498746477	2889.3457369602165	3754.2947358632628	1.3764360000000002	40.310581	0.31211700000000014	-0.029440729900000004	-0.0622691723	-0.0411524179	-0.0778358364	4.79356e-05	-0.1247146509	-0.0006449629	0.0489310316	-0.0380963219	0.12493472800000001	0.0716285889	-0.0459310664	-0.0037512142999999998	-0.0877254451	0.011226405600000001	0.468802	0.223692	1.19225	0.0308583	-0.007573319999999999	0.0181906
3169.4627903090272	2888.722805887382	3753.0633190811877	1.071802	31.389002	0.17402949999999998	-0.0100317452	-0.0743069133	0.016352082900000002	0.0707522176	-0.0699408852	0.0215569881	0.0069155111	0.061467462199999996	-0.0403074441	0.020339383500000002	-0.0311900854	0.071852809	-0.0048220363	-0.08751690599999999	0.0144082538	0.463313	0.242989	1.26108	0.0304753	-0.00731615	0.0172225
3154.0264839763513	2890.8994204657783	3748.973099290105	1.090525	31.937338	0.18817449999999966	-0.0560918761	-0.017995226	0.0019868735	0.0345448489	0.1225855429	0.1342257718	-0.0114348858	0.0361995628	-0.0559189279	-0.1373308543	-0.0459429222	0.0188612396	-0.0058921432999999995	-0.087256464	0.0175708771	0.461799	0.302186	1.19687	0.0300042	-0.00676548	0.0174658
3173.6496824402525	2890.8855130982256	3756.913017010024	1.338251	39.19228	0.32167449999999986	-0.0005253016	-0.09218372529999999	-0.0048677665000000005	-0.07261404839999999	0.0531775713	-0.10520292490000001	0.0087841846	0.0536990495	-0.05661726190000001	0.1119735439	0.0771267335	-0.05457903769999999	-0.006961376700000001	-0.08694427369999999	0.0207100555	0.405408	0.260879	1.27644	0.0309777	-0.00695441	0.0157401
3176.831795639852	2888.2804474798822	3758.5178685152296	0.9836490000000002	28.80735	0.1743694999999998	0.009661579699999999	-0.0851956626	-0.023367343500000002	0.0728914617	-0.0227906196	0.0358336798	0.0213895022	0.06917154889999999	-0.0404168398	0.022661541299999997	0.0009597588000000001	0.07062735269999999	-0.008029577900000001	-0.0865805201	0.0238216004	0.426557	0.319374	1.2993	0.0312755	-0.00753162	0.0163024
3165.7007897300077	2889.2921898765917	3753.267763527057	1.134889	33.23658	0.21820749999999975	-0.0137960319	-0.0580947403	-0.061481212400000006	-0.0465519811	0.0590990844	0.0698464562	0.0050701281	0.044356768399999996	-0.059653602300000004	-0.11449506300000001	-0.0027951646999999995	0.0259538594	-0.009096588499999999	-0.0861654192	0.026901360099999997	0.449004	0.24622	1.26896	0.0316385	-0.00646689	0.016719999999999995
3169.501758540444	2890.191855252437	3751.469956429516	1.316927	38.567799	0.18591749999999993	0.0006885622	-0.0688722143	-0.010107635600000001	0.0082293212	-0.09973323390000001	-0.047818969100000004	0.0093253844	0.0423978327	-0.0253479814	0.1051509579	0.0279548275	0.023696156800000003	-0.0101622504	-0.0856992169	0.0299452252	0.407172	0.266668	1.28019	0.0312255	-0.00722244	0.015640399999999995
3160.136853022329	2886.221562114511	3754.0212432350654	1.033175	30.257765	0.14807700000000024	0.0061559393000000006	-0.0557147824	0.0262696231	0.0938154544	0.1199401842	0.0550473767	0.0163328732	0.050918889	-0.0146982048	-0.006697909300000001	-0.0397252997	-0.0283808009	-0.011226405600000001	-0.0851821898	0.0329491343	0.418779	0.340496	1.28782	0.031772	-0.00764438	0.0157722
3173.6237453859007	2889.1499182502394	3752.0924543858905	1.013834	29.691345	0.1957910000000002	0.0273483714	-0.0784824034	-0.054030574299999995	-0.0852832102	-0.0041901165	-0.05453307	0.0284057222	0.059919297	-0.0461265753	0.059747827	0.0847050842	-0.058111505599999995	-0.012288896200000001	-0.08461464449999999	0.0359090792	0.429187	0.289875	1.35922	0.0313762	-0.00695814	0.015587
3156.8477338110565	2888.759247652627	3746.614234960335	1.030357	30.175236	0.18289700000000025	0.0261805494	-0.0684535852	0.055174225599999994	0.09236912050000001	-0.0029200910999999997	0.07194961309999999	0.030589334300000003	0.0594325298	-0.0096892014	-0.0111335602	-0.06862155269999999	0.051979222699999994	-0.0133495647	-0.08399691769999999	0.0388211106	0.449726	0.355687	1.35542	0.0317964	-0.00756176	0.0164181
3152.049002856645	2890.4878516313624	3744.9799719133757	1.111121	32.540516	0.1705779999999997	-0.0120382084	-0.0345275236	0.011297584	-0.0636600821	0.0229086174	0.076453518	0.0145294724	0.05503004809999999	-0.0653065011	-0.1555273952	-0.0117275575	0.0570440269	-0.0144082538	-0.08332937559999999	0.0416813428	0.44993	0.284247	1.30796	0.0320767	-0.00714658	0.016752099999999995
3160.2889669546144	2887.019859886217	3743.091034485545	1.253078	36.697906	0.18270899999999993	0.030947624500000003	-0.07159239719999999	0.0703431684	0.049079331600000005	-0.0918937904	-0.07752156389999999	0.0346809547	0.0719081652	0.00036970650000000004	0.1001172899	-0.0465442682	0.0378387678	-0.0154648067	-0.0826124142	0.044485959500000005	0.472198	0.268622	1.38333	0.0322729	-0.0080359	0.0164487
3149.86014100896	2884.8303791335607	3741.0718325204384	1.099845	32.210281	0.1485805000000001	0.0387624189	-0.05560842690000001	0.0476027128	-0.011082026699999999	0.11483835880000001	-0.0177300541	0.0343756727	0.0560339193	0.0043586945	0.0033350152000000003	-0.0155472067	-0.0921424786	-0.0165190665	-0.0818464586	0.0472312184	0.40452	0.290248	1.38338	0.0324488	-0.00816973	0.0155739
3158.9605386925987	2886.7547274513245	3740.0658319923186	0.934762	27.375622	0.09358500000000008	0.0489452104	-0.051261410599999994	0.0171546073	-0.029990434700000002	-0.08861734630000001	-0.028830768	0.0420387183	0.060563534800000006	0.0116226166	0.030591769300000002	0.0072118701	0.0133228058	-0.0175708771	-0.08103196309999999	0.0499134565	0.428577	0.291131	1.4175	0.0323944	-0.007865729999999998	0.015906
3150.0492183761908	2883.7319202097588	3739.66571075846	0.944348	27.656351	0.1138590000000002	0.0528238346	-0.0514716971	0.0800406627	0.0714087498	0.1077451564	0.014539163	0.0448154535	0.0718141008	0.0172385059	-0.011661185400000001	-0.0768459107	-0.0468799679	-0.0186200824	-0.08016941080000001	0.052529095	0.437196	0.335097	1.43606	0.0327044	-0.00835161	0.0159644
3167.295354723632	2890.2026390401115	3743.002450841534	1.107346	32.429943	0.15476100000000012	0.0848741702	-0.0607759962	0.0102901236	-0.09693539710000001	-0.0250898362	-0.08109461	0.07524748490000001	0.0844857556	0.0022672231	0.0190928479	0.06829786269999999	-0.051131917699999994	-0.019666527	-0.0792593133	0.0550746437	0.433814	0.269821	1.48241	0.0330844	-0.00824305	0.0162709
3162.131249612265	2887.3706676549077	3745.122862491657	1.253413	36.707695	0.19169850000000013	0.0537383002	-0.047955208	0.057226978	0.0711825771	-0.0390793152	-0.0737559874	0.0492257197	0.0938852089	0.0321255954	0.0184348785	-0.0803826867	0.0539919975	-0.0207100555	-0.07830221009999999	0.057546706100000004	0.484743	0.310787	1.47558	0.0328266	-0.00916192	0.016953699999999995
3166.7707245469624	2884.238981343305	3748.8118219437238	1.169942	34.263153	0.1155134999999999	0.0897191006	-0.051733977	-0.0325122094	0.0029186917	0.1581613781	0.0464029676	0.0709994853	0.1031069507	0.0299462759	-0.0858615059	0.023018552400000003	0.012990955	-0.021750513399999997	-0.077298669	0.0599419838	0.470162	0.361452	1.47673	0.0326935	-0.00877637	0.01649
3177.3185852831202	2889.109311711824	3754.1416892228362	1.34679	39.442348	0.274501	0.0161262189	-0.0256970446	-0.1463383844	-0.058297656600000004	0.0171462033	0.07003821730000001	0.0180409772	0.0473009594	-0.033204456	-0.1622340795	0.058683262	0.0672915143	-0.022787746299999998	-0.07624928519999999	0.0622572806	0.458424	0.280739	1.35335	0.0331464	-0.00877637	0.0172105
3193.763680140365	2891.056566282027	3757.1977031681945	1.390221	40.714294	0.3032294999999999	0.073849702	-0.0536645676	-0.1049134432	0.041770861299999996	-0.0829943649	-0.079901207	0.0598648351	0.0535839314	0.016998827	0.11038663439999999	0.09116806289999999	0.033106695299999996	-0.0238216004	-0.07515468089999999	0.0644895074	0.415951	0.26305	1.46309	0.0336543	-0.00947562	0.0157511
3174.141859974038	2886.169576820825	3745.406221611497	0.94511	27.67868	0.14865099999999998	0.08469005130000001	-0.0364902474	-0.0552727499	0.1090136308	0.0199919887	-0.0098470834	0.0583575433	0.0556358398	0.054603286699999996	0.0354212345	-0.0033902269	0.0045493074	-0.0248519225	-0.0740155054	0.0666356857	0.421676	0.352631	1.48713	0.0340532	-0.00947562	0.0159383
3167.5074872502873	2883.5978293878484	3734.238935162797	0.936026	27.412645	0.1053704999999997	0.0816083129	-0.025856482799999997	-0.0196193061	-0.0573005026	0.012751747800000001	-0.0474765212	0.061053800400000004	0.0767471563	0.049720848899999996	-0.0026441646000000003	0.0592516908	-0.0262997536	-0.0258785598	-0.0728324342	0.0686929517	0.446553	0.30622	1.49714	0.0339737	-0.00909107	0.0159557
3149.2655935553416	2887.0384526235857	3728.2312542904933	1.147242	33.598347	0.2232155000000002	0.0049417003999999995	0.0097702495	0.055151438	0.0280965044	-0.1264830797	0.1143146267	0.014109695	0.0290891235	0.0260604152	-0.0953789532	-0.0974073754	0.1301236365	-0.026901360099999997	-0.0716061689	0.0706585605	0.463094	0.275906	1.39275	0.0336341	-0.00951118	0.0166354
3141.735828607448	2887.253830893277	3730.694854928823	1.221169	35.763401	0.18218650000000033	0.0520474613	0.0040643903999999995	0.1095071016	-0.0011206357	0.1093862291	-0.0700795612	0.0327310772	0.0562672705	0.0635441559	0.0591020763	-0.0817173774	-0.09019228	-0.0279201717	-0.07033743690000001	0.0725298893	0.467937	0.323039	1.48153	0.0342123	-0.00960129	0.0164751
3152.1333296082325	2884.2157032361188	3731.6814043734203	0.988021	28.935369	0.1524444999999997	0.0978403396	-0.0041743998999999995	0.0421371596	-0.0697084702	0.0379226422	-0.0700345812	0.0620716104	0.0854395785	0.0817471682	0.0253255201	0.026362845899999997	-0.07652522839999999	-0.0289348435	-0.06902699059999999	0.0743044413	0.466366	0.378165	1.52927	0.0345129	-0.00988534	0.016099599999999995
3148.794215784949	2881.04623648218	3729.0993310456483	0.8693309999999999	25.459414	0.08492300000000025	0.0816437829	0.0055386361	0.0654750172	0.0790974383	-0.0256671995	-0.016788948799999998	0.0571869726	0.0817758136	0.0985517678	-0.0027070168	-0.0792863655	0.034005352999999995	-0.0299452252	-0.0676756071	0.0759798486	0.471442	0.356601	1.53674	0.0342576	-0.0103283	0.0164176
3139.798819316512	2884.668473576545	3726.360427484056	1.08485	31.771137	0.2314444999999999	0.0158132461	0.019016895500000002	0.042823818099999994	-0.0642535992	0.0699147012	0.0362189338	0.026555738	0.06382983610000001	0.0285486446	-0.1359131025	-0.0445253229	0.0018276707999999998	-0.0309511669	-0.0662840879	0.0775538758	0.470413	0.3144	1.4240100000000002	0.0336985	-0.00968711	0.016726999999999995
3144.8235910731005	2882.4874711121297	3729.665915047345	1.17596	34.4394	0.16019750000000016	0.0604256995	0.0096527471	0.1055216284	-0.0253873071	-0.0674585359	-0.0989557267	0.0509963288	0.0764011565	0.0800291699	0.0578507303	-0.0506652975	-0.0069385649	-0.0319525194	-0.0648532582	0.0790244225	0.467186	0.3031	1.52044	0.0341052	-0.00992492	0.0163867
3140.4987438846706	2881.481901504227	3736.358529878918	0.910366	26.66115	0.15387999999999985	0.0754809649	0.026785565	0.087947594	0.0779730557	0.10680339609999999	-0.018208145	0.0554378707	0.07277836	0.0968141637	-0.0010135658	-0.0983434761	-0.0520015742	-0.0329491343	-0.06338396660000001	0.0803895268	0.46189	0.35035	1.536	0.0349359	-0.0105286	0.0161056
3157.6121877656456	2883.3741959427657	3738.26922920124	0.846916	24.802959	0.06825800000000036	0.07850973	0.019292003000000002	0.0085035843	-0.0225611558	0.022565055	-0.0239673369	0.0585718958	0.0763426049	0.08738417150000001	-0.0173263359	0.0292352104	-0.0082020949	-0.0339408638	-0.0618770845	0.081647367	0.455061	0.325296	1.53371	0.0346642	-0.010287	0.0159372
3145.649692519193	2886.5177816062846	3733.2097268053553	1.133441	33.194176	0.23375549999999984	0.0116476656	0.037813881800000004	0.0395406368	0.038667848399999996	0.0502982344	0.16813430010000002	0.024328139500000002	0.0381607454	0.026659806499999997	-0.16543098609999998	-0.072212508	0.106586961	-0.0349275609	-0.0603335056	0.0827962648	0.464654	0.290437	1.43359	0.0340605	-0.00994943	0.016779599999999995
3155.019234129148	2886.6990979811144	3735.363849448012	1.375067	40.270496	0.2038375000000001	0.0572092677	0.021315009	0.048006814800000006	-0.0731562096	0.0122390732	-0.11906086130000001	0.042080907300000005	0.0539487596	0.0800819197	0.0687751216	0.040497044100000004	-0.072696146	-0.0359090792	-0.058754145199999996	0.0838346874	0.46412	0.253442	1.50733	0.0345781	-0.0105286	0.016025
3160.189228330151	2883.072324258831	3733.362786869581	1.076099	31.514853	0.17449299999999998	0.0777536822	0.0385713039	0.0465306125	0.0004990441000000001	-0.0036146653999999997	-0.0303902744	0.052204341200000004	0.055601922000000005	0.1033536491	-0.0196504258	-0.0180977926	0.017529137	-0.0368852733	-0.057139940099999995	0.084761249	0.431947	0.332197	1.543	0.0350685	-0.0105688	0.0159977
3150.63662374238	2880.4334942294245	3726.7770369774175	0.948131	27.767159	0.03234999999999993	0.0754946157	0.044590546200000004	0.0331781091	-0.053076415599999996	-0.0059720259	-0.05327584690000001	0.0427423391	0.0508226094	0.1176778793	0.0055289245	0.0020519156	-0.0401098659	-0.0378559984	-0.0554918476	0.0855747135	0.419822	0.333747	1.54787	0.0352498	-0.0105769	0.015911
3141.4361115349384	2878.8290897363177	3725.33351843147	0.969589	28.395584	0.030093999999999583	0.0732440774	0.0536350564	0.0968501863	0.0416154948	0.0290309978	-0.079592818	0.0516738533	0.066400352	0.11582755289999999	-0.0315309527	-0.06419976549999999	0.0002284062	-0.0388211106	-0.053810845	0.08627399529999999	0.427967	0.339621	1.54809	0.0352067	-0.0107511	0.016010799999999995
3142.5161956340307	2884.273191980065	3731.1278817273255	1.114766	32.64727	0.20839999999999986	0.0386331766	0.059776382	0.0552286766	-0.0109242326	0.0173978628	0.0428528305	0.0333741741	0.0595031566	0.0627348527	-0.1089212989	-0.056840546500000005	0.0709818976	-0.039780466699999996	-0.052097929400000006	0.08685816140000001	0.479813	0.278347	1.51678	0.0351855	-0.0101653	0.016683199999999995
3158.9911118387913	2885.493024293417	3744.898907514016	1.138053	33.329247	0.20739499999999988	0.079227544	0.0466735446	0.033996078799999996	0.030444410499999998	0.1147273134	-0.1315549383	0.0388907261	0.0720976335	0.12362072939999999	0.0488313495	8.8226e-06	-0.0691114531	-0.0407339246	-0.0503541166	0.0873264324	0.485358	0.345812	1.54756	0.035968	-0.0111311	0.0163594
3175.052162871939	2887.9763446674633	3754.8098242575597	1.032662	30.242748	0.040022000000000016	0.0958572401	0.049085280700000004	-0.1120304683	-0.0278478663	0.0457606243	-0.0030287018	0.0628357252	0.054735077199999996	0.0949410363	-0.0228263562	0.10994454039999998	0.0282242119	-0.0416813428	-0.048580440700000005	0.08767818349999999	0.481283	0.366464	1.54362	0.0359213	-0.01131	0.0163609
3190.0033084584798	2890.5704777562337	3760.1862701985774	1.301845	38.126102	0.4218025000000004	0.0461104283	0.0227536525	-0.1653361781	0.13204333210000002	-0.0216083192	-0.0863958456	0.0313057463	0.01533639	0.041410647599999996	0.0581673028	0.0892344336	0.058031607400000004	-0.0426225809	-0.0467779538	0.08791294529999999	0.388207	0.356155	1.50111	0.034454	-0.00945905	0.014161000000000003
3199.793481428139	2894.277125878257	3746.0553466303504	1.37147	40.16515	0.3458895000000001	0.0976391675	0.0256746197	-0.1582053639	-0.053775778899999994	-0.0079920161	-0.013598723	0.0647040044	0.0127613739	0.0359272676	0.0062275572	0.1416756049	0.011276608200000001	-0.0435574993	-0.0449477246	0.08803040460000001	0.358664	0.311905	1.59865	0.0359505	-0.00922292	0.0124025
3190.0272407163593	2888.570940408547	3744.168204156101	1.160038	33.973106	0.30467100000000025	0.0982217717	0.0402725372	-0.0750116072	0.0627906688	-0.0645895494	-0.11195143029999999	0.0505777263	0.014543496999999999	0.0935303309	0.052810916799999996	0.0470075738	0.0310487019	-0.044485959500000005	-0.043090838799999996	0.08803040460000001	0.374087	0.485219	1.63907	0.0356027	-0.0102448	0.0125431
3190.183990740485	2886.122500009805	3754.2099952608946	1.111132	32.540844	0.16565900000000003	0.10476269460000001	0.05477704519999999	-0.1278132153	-0.0040231778000000004	0.047460616	-0.0026861196999999996	0.0621324133	0.0272132591	0.10104589289999999	-0.0157213275	0.059967853	-0.0239315764	-0.0454078236	-0.0412083975	0.08791294529999999	0.380522	0.571058	1.62874	0.0360347	-0.0110284	0.0124976
3188.515624176748	2883.561833848301	3744.6698534107613	1.047742	30.684366	0.20278899999999986	0.1279709674	0.0787918382	-0.120822496	0.055567852699999996	0.0130019772	-0.0511299232	0.0712554344	0.0371215691	0.1240892434	-0.006858073399999999	0.038635228	0.0054115326	-0.046322955199999995	-0.0393015171	0.08767818349999999	0.35146	0.491411	1.68609	0.03608	-0.0111961	0.011976
3163.6496323399683	2879.854962613429	3733.336512661224	0.909704	26.64176	0.10490699999999983	0.1084212799	0.0861434407	-0.0491956853	-0.0566944243	0.0069525154	-0.1116259344	0.067821197	0.0320839582	0.1201880547	-0.0257669662	0.030250271699999998	-0.090809525	-0.0472312184	-0.0373713285	0.0873264324	0.337671	0.449383	1.69539	0.0362764	-0.0115574	0.0117379
3155.942192304776	2877.0952797911186	3730.4616547896253	0.850337	24.903135	0.06949199999999996	0.10567014529999999	0.1008347356	0.0133393049	0.0779032497	0.0001342298	-0.0834479458	0.061751012599999995	0.0399699757	0.152539021	-0.007218583000000001	-0.05282867980000001	0.015800653799999998	-0.0481324786	-0.0354189765	0.08685816140000001	0.329353	0.403709	1.69146	0.0365054	-0.0115574	0.0117403
3162.569422941097	2888.3145837456927	3740.9162948066105	1.216565	35.628578	0.6079515000000001	0.043904772	0.053228751399999996	-0.0455525429	-0.011038180900000001	0.0208942871	-0.0497981229	0.0170804965	-0.0552936446	0.026432294900000004	0.0011342357000000002	0.030507250299999997	-0.0515584108	-0.0490266021	-0.0334456189	0.08627399529999999	0.231125	0.405696	1.55387	0.034564	-0.00918642	0.008649749999999998
3172.2859196404247	2895.7289955539827	3745.0957809377264	1.1763420000000002	34.450581	0.43376049999999994	-0.0357864407	0.060662408200000004	-0.07127944809999999	0.0546358153	-0.108959628	-0.0395215882	-0.038021511200000004	-0.1266969851	-0.0375038044	0.042299725700000006	-0.0146284526	0.021521473500000003	-0.0499134565	-0.0314524261	0.0855747135	0.166499	0.372267	1.44191	0.033609	-0.00749909	0.00681717
3159.4666245019066	2894.497412630613	3735.127224322599	1.076733	31.533432	0.34450150000000024	-0.0608152893	0.071059884	-0.0570347264	-0.06846493740000001	0.012288276499999999	0.0608144385	-0.0606948708	-0.17034531190000002	-0.0359584731	-0.0159426972	-0.0010204230000000001	-0.0688276174	-0.05079291019999999	-0.02944058	0.084761249	0.173746	0.531317	1.33587	0.0340847	-0.008114929999999998	0.00646542
3147.3371046494103	2895.1677179982653	3725.3098714521807	0.9170990000000002	26.858332	0.08370600000000018	-0.05565328519999999	0.08107733219999999	0.054595701100000005	-0.007789674200000001	-0.12329246890000001	0.0317764151	-0.053826873899999995	-0.1633604669	-0.0194543644	0.013839682399999999	-0.0421962258	0.0225708855	-0.051664832800000005	-0.0274112739	0.0838346874	0.176115	0.509171	1.34959	0.0341677	-0.00864818	0.00675859
3147.420303702983	2894.5387628785234	3722.122158540829	0.864194	25.30895	0.09484100000000002	-0.0643152047	0.0814382584	0.0573331197	-0.007269616600000001	0.022427080800000002	0.0415874566	-0.06306360059999999	-0.1710192526	-0.023902767000000002	0.0208810331	-0.0622974416	-0.0641127985	-0.052529095	-0.0253657113	0.0827962648	0.186622	0.527685	1.34781	0.0348057	-0.008686519999999998	0.00736305
3155.688209651776	2893.4008873514977	3718.2993465620093	0.8272439999999999	24.226828	0.08421250000000005	-0.0556321071	0.0753564877	0.034691344900000004	-0.0657538533	-0.0842845838	0.028569732599999998	-0.05752044480000001	-0.1778932521	-0.0268515636	0.0171562374	-0.0248075213	-0.0348210048	-0.0533855686	-0.023305105299999997	0.081647367	0.179162	0.553205	1.35183	0.0348324	-0.008251569999999998	0.00688045
3143.5040590954277	2891.1202278147807	3716.752037126428	0.80024	23.435984	0.07155200000000005	-0.0611289571	0.0864488928	0.0995702296	-0.0138688783	0.0124690294	0.0536189593	-0.060517191	-0.1664140456	-0.0004657757	0.0173471439	-0.0840696502	-0.0544194918	-0.0542341268	-0.0212306779	0.0803895268	0.187684	0.554213	1.36894	0.0351256	-0.00855786	0.0071792
3142.772183083502	2890.366255128965	3714.0868628173494	0.82499	24.160809	0.0305914999999999	-0.06661496809999999	0.0768688923	0.11284840970000001	-0.0674393743	-0.0590398299	0.0388897978	-0.0597479386	-0.1654079585	-0.0130968063	0.030008813199999998	-0.0622834372	-0.061356090499999995	-0.0550746437	-0.0191436595	0.0790244225	0.184607	0.548099	1.36711	0.0354026	-0.00855786	0.00729361
3141.567801603169	2889.4100678315162	3714.4613695266453	0.802535	23.503187	0.049283500000000244	-0.0686664692	0.0796209302	0.12162085449999999	-0.0771529275	-0.0341630503	0.0513090529	-0.0673113521	-0.18267962100000001	-0.010083564100000001	-0.0013051552	-0.0829512507	-0.07218333910000001	-0.0559069946	-0.0170452877	0.0775538758	0.187631	0.553637	1.35714	0.0359261	-0.00855786	0.00738514
3140.3830921882127	2888.7868392748833	3713.229467570152	0.795703	23.303106	0.06145350000000011	-0.0739838056	0.08980064439999999	0.1348110375	-0.0668554584	-0.054815984400000003	0.0397735683	-0.069585591	-0.1745100893	-0.0103128923	-0.0011501242	-0.0917079503	-0.0561690947	-0.0567310561	-0.0149368071	0.0759798486	0.194279	0.520761	1.35522	0.0357679	-0.008636319999999998	0.00754867
3132.2928613267186	2886.656483427063	3714.1843521925907	0.793104	23.227003	0.036850500000000154	-0.0738293656	0.0819164438	0.1504906892	-0.08778404949999999	-0.0297865881	0.0286656399	-0.0752407331	-0.1664080879	-0.0011918376	0.0156035816	-0.09621597800000001	-0.0820723281	-0.057546706100000004	-0.012819468	0.0743044413	0.196596	0.522143	1.36308	0.0359553	-0.008830809999999998	0.00767261
3139.060928915172	2888.162495154009	3716.780597215841	0.8123559999999999	23.790827	0.0640090000000002	-0.0694517571	0.08671957849999999	0.1537527155	-0.0360402706	-0.058175865599999994	0.0419039561	-0.0656279068	-0.1567556507	-0.0025919607999999998	0.0035230665	-0.1015770581	-0.04838362190000001	-0.0583538236	-0.0106945262	0.0725298893	0.203413	0.504842	1.37842	0.0357266	-0.008901229999999998	0.00786451
3141.8247914508756	2889.505634501596	3722.4596788508447	0.836743	24.505016	0.144398	-0.0671109521	0.0738188107	0.1226312098	-0.0666112517	-0.0166154901	-0.0390012156	-0.0636544684	-0.1399791962	0.0010328788000000002	0.0270117948	-0.0591156124	-0.079057596	-0.059152288899999995	-0.008563241899999999	0.0706585605	0.219785	0.464872	1.41133	0.0350898	-0.00877613	0.00820553
3152.310628796193	2890.471415651528	3725.387242389364	0.823331	24.112242	0.1236490000000003	-0.05348093860000001	0.060942486	0.0930655861	-0.0382225598	-0.066100231	0.0226036944	-0.041977765199999996	-0.1247839097	0.004745015	0.0188652212	-0.0437954238	-0.007449018000000001	-0.0599419838	-0.0064268791	0.0686929517	0.258454	0.468629	1.43035	0.035318	-0.00922414	0.00877338
3151.969813396015	2889.623661198419	3735.650739026765	0.90589	26.530081	0.21582749999999984	-0.0574642057	0.052534800599999994	0.0967943438	-0.0330934528	-0.0068288902	-0.0047976461	-0.057025405300000005	-0.12729990300000002	-0.002507878	0.042915464800000004	-0.046900067000000004	-0.060871381399999994	-0.0607227909	-0.0042867048	0.0666356857	0.245356	0.61352	1.42174	0.0357858	-0.00932444	0.00835691
3168.681922083326	2889.78757477107	3743.022787895736	0.91631	26.835239	0.08609399999999993	-0.0327407516	0.0581444489	0.0152289881	-0.0385520484	-0.010640537700000001	0.066722147	-0.0371810202	-0.12340458970000001	-0.009402336899999999	-0.0099541162	0.0233932116	-0.0079159213	-0.061494594699999995	-0.0021439881	0.0644895074	0.231369	0.566971	1.42665	0.0359591	-0.00951062	0.00830343
3166.0210559663506	2888.199011290203	3739.958775284364	0.9080530000000002	26.59341	0.06629600000000012	-0.0526951168	0.033025865	-0.0110793056	-0.012412826200000001	-0.044114134299999996	-0.060126066799999996	-0.052971945199999995	-0.1311360579	-0.0236213394	0.0668595554	0.0137904204	-0.047472065300000005	-0.0622572806	-0.0	0.0622572806	0.227289	0.537098	1.408	0.0357887	-0.009547880000000003	0.008369629999999998
3158.757051850728	2887.554661383919	3735.549753710946	0.890109	26.067902	0.0662729999999998	-0.0545984829	0.040488260299999995	0.0196221639	0.0282307012	0.0112442631	0.10090620939999999	-0.0506763683	-0.12423230029999999	-0.0203907466	-0.023238897	-0.0282334604	-0.0063487095999999995	-0.06301073559999999	0.0021439881	0.0599419838	0.224853	0.502557	1.39229	0.0358229	-0.00957169	0.00858334
3160.8965455852986	2890.3464724564033	3743.40705370629	1.116917	32.710255	0.25691049999999993	-0.0731640904	0.041683828799999996	-0.0141322684	-0.028956818999999998	0.025918140299999996	0.0685337997	-0.0677687733	-0.11077359369999999	-0.060739404299999994	-0.0740819412	0.0234949524	0.0419079446	-0.063754848	0.0042867048	0.057546706100000004	0.239078	0.394575	1.37792	0.0354683	-0.008562679999999998	0.0096264
3175.2675531928603	2890.858442072616	3756.389949126568	1.414994	41.439808	0.23113350000000005	-0.057788754500000004	0.0220283598	-0.04809964110000001	0.0652763598	-0.0639455141	-0.0830212271	-0.0453741746	-0.0935460397	-0.0364833804	0.1264752351	0.0367060409	0.0040815556	-0.0644895074	0.0064268791	0.0550746437	0.273149	0.438997	1.4154000000000002	0.0343136	-0.00884419	0.010493400000000002
3195.8490443702008	2896.810200417505	3783.318937755989	1.294155	37.900871	0.300967	-0.0298926374	0.0172073403	-0.1655003033	0.1077291494	0.1361972565	-0.0145950249	-0.018618398300000002	-0.061481760999999996	-0.0391177747	0.0402586587	0.1262577244	0.0407753066	-0.0652146049	0.008563241899999999	0.052529095	0.282439	0.309546	1.45042	0.0355671	-0.00981291	0.010815300000000002
3217.027087797633	2905.3697761058693	3791.0297304182927	1.212556	35.511169	0.19297500000000015	-0.044178341399999994	0.002324234	-0.2709432243	0.055367495999999995	0.0146881271	0.1131951244	-0.0185606876	-0.09157839400000001	-0.1107624922	-0.0713243511	0.23242343070000002	0.16673868349999998	-0.065930033	0.0106945262	0.0499134565	0.28698	0.394803	1.40851	0.0355128	-0.00903517	0.0112086
3213.0004540843584	2900.333375407165	3777.7342791171936	1.305206	38.224537	0.10686599999999996	-0.0211569921	-0.0041296779999999995	-0.2232644661	0.0223010311	-0.077140024	0.0057203126	-0.0186126886	-0.0968636781	-0.0674980596	0.057470355	0.20342777690000002	0.0701649896	-0.0666356857	0.012819468	0.0472312184	0.285186	0.426171	1.47423	0.0354405	-0.009003789999999998	0.0111526
3194.7291149412354	2897.5784523256207	3760.356923109124	1.223457	35.830402	0.09991050000000022	-0.0023638347000000002	0.0023891715	-0.1200230823	0.0697214268	-0.0506843213	0.1132161998	-0.0113828475	-0.0750532551	-0.049112699800000006	0.012617215	0.13938069179999998	0.0858504924	-0.0673314582	0.0149368071	0.044485959500000005	0.278744	0.458415	1.50736	0.0355849	-0.00929198	0.0112819
3183.7608734449323	2896.6694905810914	3747.4663143834623	1.2563780000000002	36.794544	0.21864750000000038	-0.0636502998	-0.0039512367	-0.0896674764	-0.0578319067	-0.09033389060000001	0.1437137211	-0.0428647883	-0.0945521925	-0.10887721800000001	-0.1235619706	0.078012764	0.1157521391	-0.06801724740000001	0.0170452877	0.0416813428	0.296198	0.406168	1.44672	0.0355261	-0.00839175	0.012089
3169.212691949191	2892.202250758748	3744.610968961321	1.196656	35.045513	0.09234400000000019	-0.0374777524	0.0048734513	0.007700609399999999	0.040078894500000004	-0.13423443359999998	-0.0285045596	-0.0342999164	-0.0961324971	-0.0187678505	0.0807641328	0.042188200099999996	0.035889296200000004	-0.0686929517	0.0191436595	0.0388211106	0.304387	0.407058	1.49736	0.0357002	-0.00855675	0.0117756
3165.193952122023	2886.2921401455665	3746.300787355778	0.976211	28.589497	0.15544600000000003	-0.0064244823	0.0193047614	0.0049036374	-0.0200357515	0.0640020258	-0.0088287058	-0.0144443627	-0.042826728200000004	-0.0102332966	0.0187219405	0.0508605507	-0.0667805107	-0.0693584708	0.0212306779	0.0359090792	0.297766	0.410252	1.56865	0.0358299	-0.00969417	0.0115559
3171.969036498126	2886.853120217485	3747.9375683237336	0.855306	25.048668	0.09970149999999987	0.0044648153	0.0158440799	-0.01073363	0.005139444	-0.0826318354	0.0002112484	-0.0039119994	-0.0413927909	-0.00394417	0.0389618961	0.0589099682	0.046161658499999994	-0.0700137061	0.023305105299999997	0.0329491343	0.310511	0.428377	1.58571	0.0361151	-0.010208900000000002	0.0117914
3161.1487740413863	2885.119756497983	3745.9292204582757	0.8408149999999999	24.62429	0.0764970000000002	-0.0015090316	0.0195848461	0.0182765966	0.0032720565000000004	0.031609984199999996	0.046951892300000006	-0.0056695823	-0.0305875391	-0.0079589385	-0.0288824036	0.0208220792	0.005607410300000001	-0.0706585605	0.0253657113	0.0299452252	0.321818	0.413182	1.59084	0.0362059	-0.0106281	0.0121787
3160.3478578509685	2889.9552812621446	3745.1925204979584	1.100569	32.231468	0.27974399999999994	-0.0688148181	0.0129628613	0.0058840334	-0.0319324446	-0.07609618879999999	0.1918604385	-0.0379201836	-0.0608607171	-0.0798673273	-0.1349115397	-0.0091674272	0.139129127	-0.0712929382	0.0274112739	0.026901360099999997	0.318026	0.3429	1.49914	0.0353798	-0.0104242	0.0134281
3159.380919452745	2889.032932746709	3744.60555725298	1.191132	34.883717	0.22249999999999984	-0.026312217599999996	0.0010205252	0.0449302799	-0.0553113745	0.016286305600000002	-0.045928517300000006	-0.022350533	-0.0498530497	-0.023469163300000002	0.0696604086	0.0334197796	-0.0752741866	-0.0719167453	0.02944058	0.0238216004	0.325435	0.389071	1.58103	0.0357677	-0.0108886	0.0125398
3167.166922449669	2883.278480530787	3742.4169201075874	0.91555	26.812986	0.08262799999999987	-0.0081495999	0.010618199299999999	0.010502525300000001	-0.0106211835	-0.0366373886	0.054759112	-0.0075676725	-0.018813966799999998	-0.005597325	0.003585977	0.044246624400000004	0.055398858200000005	-0.0725298893	0.0314524261	0.0207100555	0.337041	0.415278	1.5949	0.03618	-0.0109483	0.0126867
3168.712996428636	2885.6043576047864	3741.458157925167	0.910922	26.677452	0.11252899999999977	-0.0078904779	0.0040504231	-0.023439588900000002	-0.0080419455	-0.0013814925	-0.0603516428	-0.010558741799999998	-0.0241775167	0.0055771745	0.0392716934	0.0308872024	-0.057904557800000006	-0.0731322792	0.0334456189	0.0175708771	0.345057	0.386755	1.64817	0.0360126	-0.0108431	0.0128685
3164.1905514879713	2883.6670687418127	3735.0581473749894	0.992666	29.071421	0.111875	0.0146767452	0.0174529486	-0.0122448221	-0.0083809396	-0.0611853445	0.0364016019	0.0026448858000000003	-0.0194486897	0.0183038752	-0.0057038494	0.016800121	0.054056933200000004	-0.0737238258	0.0354189765	0.0144082538	0.344477	0.46808	1.64973	0.0365683	-0.0108431	0.012856
3146.9875182646692	2885.039956469192	3739.623258955644	1.204035	35.261612	0.3713039999999997	-0.0769836019	-0.0192545546	0.0322750422	0.0234115864	0.0350716689	0.10818972130000001	-0.0553545118	-0.0499783438	-0.0478819535	-0.08766676539999999	-0.061616776500000005	0.0468380172	-0.0743044413	0.0373713285	0.011226405600000001	0.372942	0.418511	1.4702	0.0360282	-0.0108431	0.0145907
3171.456685699845	2886.5930450071583	3749.003005594704	1.265037	37.04813	0.3031490000000002	-0.006118815200000001	-0.023338938700000002	-0.0213292738	-0.0431943387	-0.0372432839	-0.0295759181	-0.0017847801000000002	0.0072685614	-0.0224197879	0.058709355	0.0687951835	-0.0105118026	-0.0748740396	0.0393015171	0.008029577900000001	0.371665	0.336744	1.62911	0.0356092	-0.0110615	0.0140042
3178.7041502445772	2882.633163802159	3750.785285193153	0.982615	28.777069	0.16750300000000015	0.0133197197	-0.0065863874	-0.0523364704	0.11553471380000001	0.05210203150000001	-0.0407661335	0.0101459085	0.032490556600000005	0.0221134632	0.043259152300000006	0.012409949699999999	0.022351560299999997	-0.0754325363	0.0412083975	0.0048220363	0.383906	0.362426	1.71917	0.0356004	-0.011293	0.0145543
3181.8009342943524	2885.957024647215	3750.8970574896307	0.907747	26.584469	0.16257899999999986	0.0260518236	-0.0132255313	-0.1150362865	-0.025578004900000003	0.0522872092	-0.0464565299	0.0170873162	0.022037699700000003	-0.0005838727	0.0015493494000000001	0.1168633318	-0.0136297836	-0.0759798486	0.043090838799999996	0.0016080606	0.390485	0.489396	1.72234	0.0358823	-0.0114522	0.0144782
3170.9435831028864	2882.5692047856073	3747.990985451954	0.906824	26.557426	0.14462500000000011	0.0384185265	0.0174896425	-0.0677317653	0.0498854987	0.0251661392	0.054074913200000005	0.0380738127	0.0373265063	0.0345182541	-0.0368913161	0.0010156971000000001	0.027802722999999998	-0.0765158953	0.0449477246	-0.0016080606	0.386181	0.459735	1.79203	0.0357529	-0.0121363	0.0144723
3169.3308496412374	2884.7081132926173	3738.442100873853	1.032066	30.225302	0.18358999999999984	0.007934258100000001	-0.008047104499999999	-0.0534112477	-0.0211575988	-0.0049965547	0.1102819173	0.0128115532	0.021517811	-0.0101623323	-0.0898193659	0.0245213404	0.0797061229	-0.077040597	0.0467779538	-0.0048220363	0.391777	0.390791	1.73491	0.0356121	-0.0118475	0.0150813
3161.1015360245233	2880.3013370522003	3732.402523139453	1.108929	32.476303	0.12394899999999985	0.0045818807	-0.0150765564	0.017622554	-0.0556321131	-0.0136428669	-0.07494684459999999	-0.0020301642	0.0162548825	0.022813379100000003	0.044229156500000005	0.0021268632999999998	-0.0796194752	-0.0775538758	0.048580440700000005	-0.008029577900000001	0.381592	0.42783	1.73407	0.035813	-0.0117019	0.013910100000000003
3155.369196413228	2877.579360301276	3731.038463890144	0.919665	26.933506	0.10393400000000019	0.0187489427	0.0105269004	0.0158443787	-0.0044004949	-0.0513714318	0.0121206446	0.0131909519	0.0182958711	0.0294185306	-0.001179607	-0.0166104388	0.0067259413	-0.0780556556	0.0503541166	-0.011226405600000001	0.364184	0.442556	1.74329	0.0361466	-0.011923	0.0132132
3154.112063725734	2876.349413538796	3737.062680964086	0.924189	27.065996	0.11089899999999983	0.0076646404000000005	0.0021465162	0.0184931776	0.0433863928	0.055263408300000004	-0.0594103826	0.0028435076	0.030749035	0.0349468687	0.0332151237	-0.045442694699999994	-0.08064532	-0.0785458621	0.052097929400000006	-0.0144082538	0.365509	0.399507	1.77112	0.0358267	-0.0117677	0.0135119
3163.893716310389	2880.3539916844315	3734.803768317677	1.019608	29.860439	0.0531349999999999	0.0337241502	0.007836541800000001	-0.0347615638	-0.07866346099999999	-0.0009911731	0.0544031237	0.0266196061	0.0261461591	0.010553416000000001	-0.0220184273	0.0518408374	0.0046007474	-0.0790244225	0.053810845	-0.0175708771	0.365173	0.423701	1.77858	0.0359755	-0.011687500000000003	0.013318000000000003
3154.4724258915107	2884.05416953385	3738.1018574504974	1.19979	35.137302	0.13384199999999988	-0.021210932000000002	-0.0106861807	0.0504163648	0.1215958914	-0.0299526191	0.0266082925	-0.0131437825	-0.0024126686	-0.0262338352	-0.030388738999999998	-0.1286707544	0.0809647168	-0.07949126599999999	0.0554918476	-0.0207100555	0.352527	0.36963	1.74035	0.0358115	-0.0112866	0.013331
3159.2083816564045	2882.749926192841	3739.7813586972334	1.187809	34.786419	0.10530000000000035	0.0066366114	-0.0209405101	0.0054365796	-0.1203016917	0.1028077116	-0.0040626378	0.0111485344	0.0076493093000000005	-0.016476266599999997	-0.0024309339	0.0714047487	-0.0914414749	-0.0799463232	0.057139940099999995	-0.0238216004	0.360798	0.427679	1.73234	0.0357568	-0.0112138	0.0128391
3164.8540138203016	2883.827115025092	3736.6068068611266	0.98021	28.706633	0.1299750000000003	0.011107985800000001	-0.010430385	0.0196249431	0.0119408478	-0.085512721	-0.0178204135	0.0071695798	-0.0147752153	0.0020428054999999997	0.048157745999999994	-0.0012357956	0.023764514599999998	-0.0803895268	0.058754145199999996	-0.026901360099999997	0.346289	0.44909	1.75947	0.0364321	-0.011565400000000003	0.0125275
3154.6003569663562	2880.331531657689	3731.093183126786	0.927695	27.168674	0.06147899999999985	0.007176489300000001	-0.0029922061	0.0197849534	0.028889072400000004	0.0758419458	0.0472263971	0.009044051800000001	0.0046746274	0.0040852661	-0.0119182229	-0.019245479399999998	-0.0140895407	-0.0808208109	0.0603335056	-0.0299452252	0.349418	0.42844	1.7675	0.0365903	-0.01175	0.0127781
3161.7519671797886	2883.277439337494	3727.961850167677	1.071554	31.381744	0.1103950000000001	-0.0010618085	-0.0347059547	0.0064405986	-0.049888507400000004	-0.0422308146	0.0762235653	0.0040214993	-0.010343409100000001	-0.06520116299999999	-0.0850972711	-0.0173798399	0.0609744807	-0.0812401117	0.0618770845	-0.0329491343	0.346004	0.406599	1.72476	0.0366196	-0.0111652	0.013012
3153.126706259927	2880.881951054781	3728.101310006687	1.131155	33.127235	0.10038499999999949	0.001437597	-0.0188771714	0.0644976757	0.0819405358	-0.0417249213	-0.050460707300000004	-0.0024942669	-0.005933753000000001	0.005255710500000001	0.0525102243	-0.0765056001	-0.0093930104	-0.081647367	0.06338396660000001	-0.0359090792	0.359334	0.393739	1.75728	0.0370125	-0.0115597	0.0129659
3153.889280717824	2879.955958362821	3731.734123464137	0.8943459999999999	26.192003	0.10296200000000029	-0.0018206961	0.010535643300000001	0.027715785099999998	-0.0043281545000000005	0.0889605236	-0.0266958455	0.0031259689	-0.0010075086	0.014812383	0.008449048399999999	-0.0056612212	-0.0794833934	-0.0820425164	0.0648532582	-0.0388211106	0.360217	0.442943	1.76571	0.0373013	-0.0120542	0.0128603
3160.8889022987505	2882.325044958468	3729.0351940557593	0.891563	26.110479	0.11152599999999993	0.0085544755	-0.0083604332	0.0044845397	-0.0597077354	-0.0579632717	0.0077975076	0.0153561867	0.008552124	-0.009853033800000001	-0.0010038934	0.021732376499999997	0.022018327200000003	-0.0824255012	0.0662840879	-0.0416813428	0.367209	0.405334	1.78995	0.0373092	-0.0117729	0.0134248
3145.2697835878184	2883.2066381935897	3723.1720357120553	1.075172	31.487711	0.162069	-0.020103755600000002	-0.030777997400000003	0.0751028685	0.1094022967	-0.008832794100000001	0.082595709	-0.0056918659	0.0033226078000000003	-0.0400521524	-0.0707516466	-0.12214830269999999	0.1049147466	-0.0827962648	0.0676756071	-0.044485959500000005	0.38433	0.393186	1.73542	0.0366786	-0.0115089	0.0140956
3148.3371221894163	2877.820991516133	3722.694522446474	1.18521	34.7103	0.12271099999999997	0.0048748337	-0.0101594354	0.0639562825	-0.0903803246	0.0872916059	-0.0715129317	-0.007689191800000001	0.022242978700000002	0.0065025477	0.024556277999999997	-0.0013543577999999999	-0.1353329657	-0.0831547522	0.06902699059999999	-0.0472312184	0.398587	0.397115	1.79544	0.0371219	-0.011935	0.0141163
3156.377609038459	2877.353718840557	3728.005366285917	0.949686	27.812708	0.11586700000000003	0.024530451600000003	0.0023912028	0.025109858	-0.0384505827	-0.019356734	-0.0060133243	0.017098379	0.0389980212	0.028951682000000003	0.0148104565	0.007105737900000001	0.006192068199999999	-0.0835009102	0.07033743690000001	-0.0499134565	0.40997	0.425149	1.80924	0.0376658	-0.012374	0.0143864
3159.8747258836634	2882.55165324153	3731.8773534727443	1.012086	29.640152	0.11800399999999985	-0.0058308009	-0.0161972601	0.0341845588	0.06312666730000001	-0.0313161068	0.017737361	0.0050053573	0.028753649	-0.0054941969	-0.009803084	-0.0644343898	0.0667368832	-0.0838346874	0.0716061689	-0.052529095	0.414839	0.377769	1.80907	0.0370445	-0.012053	0.0147558
3150.868678933971	2878.4144716929736	3733.8098645493774	1.059948	31.041857	0.10364899999999995	0.0067325818999999995	-0.0034821953999999997	0.0446006135	-0.019655806799999998	0.10321927689999999	-0.044803505800000004	0.0056981672	0.0361701798	0.0145676614	0.010826858500000001	-0.0158640333	-0.09588277369999999	-0.0841560344	0.0728324342	-0.0550746437	0.416851	0.391941	1.81089	0.037874	-0.012714	0.0145334
3165.834735194269	2878.1682294792495	3737.0743750099628	0.986809	28.899899	0.12086899999999988	0.0312586909	0.0010818492999999998	-0.0382818792	-0.0322815303	0.038148495299999995	-0.0169141078	0.0223596165	0.0503929663	0.0142810718	-0.0094689285	0.060538778499999994	-0.0031000558000000003	-0.0844649035	0.0740155054	-0.057546706100000004	0.418955	0.427411	1.84704	0.0381918	-0.0132789	0.0144732
3173.0598963782536	2881.432593564722	3742.227027058916	1.090933	31.94927	0.22292399999999984	0.0001081092	-0.0417320279	-0.0537253522	0.10907511630000001	-0.060654665999999996	0.033952086299999996	0.0059508362	0.0386995219	-0.0274975096	-0.0069705351	-0.028959073	0.1046157692	-0.084761249	0.07515468089999999	-0.0599419838	0.419158	0.36287	1.79952	0.037383	-0.0122159	0.0148146
3157.4886421830824	2877.0959491296635	3736.3109348437238	1.061771	31.095249	0.0757810000000001	0.0048052377	-0.0302694978	-0.0210315522	-0.023689451099999998	0.1086823573	-0.013879569	0.0043443114	0.0402497144	0.0058908812	-0.0091599217	-0.0063396192	-0.093161042	-0.0850450269	0.07624928519999999	-0.0622572806	0.425204	0.368805	1.80372	0.0377484	-0.0129016	0.0146737
3164.1127403249156	2878.87304296746	3733.480360164546	0.829995	24.307407	0.0944719999999998	0.0160518554	-0.0301691786	-0.0211937312	-0.0611309163	-0.034787754	-0.0122654567	0.005387929200000001	0.0340738028	0.0028903409000000002	0.0142022234	0.047184789299999995	-0.031144206299999998	-0.08531619509999999	0.077298669	-0.0644895074	0.425426	0.41056	1.80214	0.0382664	-0.0131589	0.0149167
3158.9876034449653	2878.449872264925	3731.941843316755	0.846597	24.793604	0.0626770000000001	0.0030177451	-0.0098388696	0.0185967596	0.0876307214	-0.0321189144	0.0174765136	0.0032980754	0.042255488099999995	0.011561704499999999	0.009782275	-0.0622914949	0.0511791147	-0.0855747135	0.07830221009999999	-0.0666356857	0.43503	0.395362	1.8176	0.0380173	-0.0130377	0.0149947
3147.994427292547	2877.7282509421334	3727.578357184358	1.03558	30.328215	0.08398699999999985	-0.0086386697	-0.0203504156	0.024004680299999998	-0.028550110299999997	0.0503786124	0.0315316557	0.0031421897	0.0373394656	-0.0238473106	-0.10160395	-0.0526411966	0.012945543	-0.0858205436	0.0792593133	-0.0686929517	0.433586	0.355839	1.82807	0.0379915	-0.0125948	0.015177
3156.787589916908	2878.1711299462795	3727.293676779244	1.165203	34.124382	0.15348199999999987	0.0115296373	-0.0344399873	0.0332209331	-0.08464382599999999	-0.0684677924	-0.0676016073	0.0028963146000000003	0.0295658215	0.0034098157	0.07581785	0.0238381027	-0.0334600186	-0.08605364900000001	0.08016941080000001	-0.0706585605	0.428044	0.424229	1.84647	0.0379527	-0.013083	0.014481
3158.471994852417	2874.933018805972	3730.140835602197	0.958246	28.063385	0.042672999999999836	0.0050240992	-0.011081780500000001	0.0329898263	0.1039916036	-0.025869283	-0.042199793	0.005038966	0.0493780676	0.0321604871	0.0310556581	-0.0700776548	0.0175686413	-0.08627399529999999	0.08103196309999999	-0.0725298893	0.429169	0.424262	1.84825	0.0381105	-0.0133668	0.0148341
3153.9930289352305	2874.0889829003368	3729.5648472710523	0.906102	26.536297	0.14162499999999986	-0.00030538669999999996	-0.016368759899999998	-0.0026707562	0.0090678715	0.0969955278	-0.0415107233	0.011291464	0.0493814358	0.0121280391	0.0100716737	-0.0324937107	-0.0642368745	-0.08648154960000001	0.0818464586	-0.0743044413	0.438772	0.376655	1.88587	0.0375071	-0.0134324	0.015101
3157.3187356821113	2879.7811866315456	3732.1408933134526	1.018319	29.822681	0.20138400000000034	-0.0049103485	-0.0718541695	0.0023828004999999998	-0.0642035229	0.0459324495	0.058577206799999997	0.0032307521000000004	0.045109055499999995	-0.057015331100000004	-0.0488354762	0.0240829	0.013000844499999999	-0.0866762813	0.0826124142	-0.0759798486	0.451261	0.41958	1.78287	0.0371638	-0.013326	0.0155107
3161.226459904661	2878.391862924332	3738.022102830301	1.125007	32.947186	0.2118000000000003	0.0078727385	-0.0137837836	0.019983538999999998	0.0420893601	-0.0475802228	-0.064867605	0.008543318900000001	0.0583970611	0.0244605035	0.0414715808	-0.0271991362	0.0150588908	-0.08685816140000001	0.08332937559999999	-0.0775538758	0.463698	0.390567	1.88017	0.0379567	-0.0138316	0.0153482
3160.9791181399737	2878.2096540981092	3739.227475526274	0.879662	25.761942	0.06769599999999984	0.0029844812	-0.0255462304	-0.0207590019	0.0176261857	0.0741489303	-0.0339445047	0.014982623300000001	0.0520478658	0.0007895652000000001	-0.0032511102000000003	-0.0049053729	-0.0493599666	-0.087027163	0.08399691769999999	-0.0790244225	0.460196	0.402536	1.85175	0.0381304	-0.0137112	0.0155302
3169.0451661440297	2878.4965772211985	3732.5797939824897	0.895089	26.213751	0.12008199999999987	0.0122179795	-0.030232036299999997	-0.047530676699999996	-0.05462147690000001	-0.0702299529	-0.008893268000000001	0.0197472712	0.0656486164	0.0025814903	0.023338226400000002	0.0580593185	0.0260545464	-0.08718326109999999	0.08461464449999999	-0.0803895268	0.46533	0.357148	1.89027	0.0378066	-0.0136382	0.0157542
3150.6099348893513	2878.220363514834	3730.0921340624986	1.242813	36.39727	0.17149800000000026	-0.013195237	-0.057361701699999997	0.0412645819	0.0802028643	0.0351536513	-0.0025097921	-0.0018664358	0.045793592599999995	-0.0353528824	-0.0313034215	-0.0516979801	0.0017734501999999998	-0.0873264324	0.0851821898	-0.081647367	0.465038	0.382174	1.78581	0.0376047	-0.0137938	0.0162311
3159.233942811418	2880.295833601939	3735.8792197420703	1.170386	34.276146	0.144926	0.002069806	-0.0691627168	0.0095217302	-0.1361457853	0.0261004127	-0.04758357059999999	0.009063207700000001	0.052837301100000005	-0.0611276696	0.009406897800000001	0.0669773148	-0.051495050300000005	-0.0874566558	0.0856992169	-0.0827962648	0.467586	0.297866	1.81768	0.0376718	-0.0138968	0.0158772
3168.0635676716065	2874.688710236934	3737.226664164637	1.124472	32.931503	0.13949400000000006	0.0038000919	-0.0129863606	-0.002560516	0.1276793	-0.04576672	0.0225454527	0.0131680722	0.060060461399999994	0.0102042655	0.0186060168	-0.0401920308	0.1263949826	-0.08757391199999999	0.0861654192	-0.0838346874	0.455034	0.329373	1.84327	0.0383415	-0.014131	0.0153842
3164.801638512481	2878.2725719213677	3734.3320234499306	1.091843	31.975941	0.16586199999999987	-0.0048449688	-0.053411673099999994	-0.07474311809999999	-0.0421710487	0.0807620355	0.0264941687	0.010612357900000001	0.0581086591	-0.0457945936	-0.0812251235	0.0061498295	0.0146989868	-0.08767818349999999	0.0865805201	-0.084761249	0.440269	0.285726	1.86948	0.0379719	-0.0130027	0.0155111
3171.406941687393	2878.9265156801357	3733.639472444053	1.152951	33.765556	0.12039300000000015	0.0117882075	-0.0444524646	-0.0453447483	0.0006263180000000001	-0.0934362961	-0.0525866771	0.0083850544	0.0575118987	-0.0080259804	0.056136153	0.0375203715	0.0259661246	-0.0877694549	0.08694427369999999	-0.0855747135	0.450737	0.350056	1.8669	0.0379534	-0.0131769	0.0148435
3159.85392612027	2874.036551380955	3733.3870379197865	0.940033	27.529989	0.13820700000000016	-0.0013863642	-0.028000845299999997	-0.0074805123	0.08403589880000001	0.0644307378	-0.0158677404	-0.006894298	0.0409667296	0.0145696756	0.0112174454	-0.0475423461	-0.0241476455	-0.0878477127	0.087256464	-0.08627399529999999	0.443705	0.405901	1.84585	0.0386581	-0.0133834	0.0150179
3163.970900974548	2875.006497304057	3728.9535735276177	0.897036	26.270786	0.09230400000000012	0.0136677207	-0.0292918887	-0.0315578289	-0.0666875479	-0.0325768554	-0.0256277103	0.0090264799	0.0562842266	0.0133806677	0.0261818736	0.047968942800000004	-0.0373278812	-0.08791294529999999	0.08751690599999999	-0.08685816140000001	0.452062	0.390504	1.89473	0.0385502	-0.013663	0.015012
3147.7381892435164	2873.6955605775947	3724.5464984049327	0.935008	27.382832	0.09638799999999993	-0.0024345534	0.0133129009	0.0646321182	0.092823749	-0.0025169664	0.0021013204	0.0122109179	0.0468991895	0.0381319136	0.001040478	-0.0979386199	0.0339016158	-0.08796514300000001	0.0877254451	-0.0873264324	0.454962	0.421627	1.93139	0.0385631	-0.013845	0.0146928
3138.503971395396	2873.6790502268104	3727.7542453761853	1.071827	31.389734	0.1436049999999999	0.0014998591000000001	-0.011570809	0.0383228688	-0.0620249871	0.08169188150000001	0.0099829206	0.0028461938	0.0572369857	-0.0128433748	-0.0950149694	-0.0604371517	0.0038146808000000003	-0.08800429800000001	0.0878819578	-0.08767818349999999	0.450936	0.385143	1.88707	0.0383415	-0.0132944	0.0150961
3162.3265919684704	2878.492635560876	3740.6547014166345	1.145221	33.539158	0.121579	0.001612892	-0.0010274102	-0.0031143340000000003	-0.008324535899999999	-0.0476683776	-0.0892264728	0.0026887434999999997	0.055489256699999996	0.0177209785	0.0607226992	0.0147755067	-0.029447604900000004	-0.08803040460000001	0.0879863512	-0.08791294529999999	0.453709	0.400854	1.91573	0.0390657	-0.0139579	0.0151971
3165.4498142717152	2870.7477192531032	3740.6777596664906	0.968102	28.352022	0.072998	0.0045781429	0.0071642355	-0.0146102966	0.0223509763	0.0656967779	-0.0576529079	0.0099795969	0.0669403171	0.0421430805	-0.0031165515999999997	0.0015183355	-0.047514712699999996	-0.0880434588	0.08803856339999999	-0.08803040460000001	0.456339	0.412897	1.94018	0.0391783	-0.0144496	0.0151239
